interaction_id,user_id,user_name,poi_id,poi_name,interaction_type,value,timestamp,current_lat,current_lon,current_area,distance_km,interest_match_score
int_000343,bc6799a8-00d1-4ab5-80bf-eeffc36ba029,Kai,poi_923_Surfers_Paradise,Surfers Paradise,search,1,2025-10-16 07:52:43,1.384491,103.93204,Pasir Ris,2.37,0.26
int_000341,bc6799a8-00d1-4ab5-80bf-eeffc36ba029,Kai,poi_923_Surfers_Paradise,Surfers Paradise,visit,1,2025-10-16 17:52:43,1.384491,103.93204,Pasir Ris,2.37,0.26
int_000342,bc6799a8-00d1-4ab5-80bf-eeffc36ba029,Kai,poi_923_Surfers_Paradise,Surfers Paradise,rating,4,2025-10-16 19:02:43,1.384491,103.93204,Pasir Ris,2.37,0.26
int_000204,84273d4e-1e2c-4baf-8f0d-7b4f2ef833d0,Noah,poi_4208_Barrys,Barrys,search,1,2025-10-16 23:31:42,1.279515,103.846743,Marina Bay,0.48,0.77
int_000241,79dfa2c9-fcaf-4ac0-9cf6-acdc3165f1db,Zara,poi_3454_Super_Chicken,Super Chicken,visit,1,2025-10-17 02:22:42,1.289508,103.831986,Clarke Quay,2.88,0.28
int_000242,79dfa2c9-fcaf-4ac0-9cf6-acdc3165f1db,Zara,poi_3454_Super_Chicken,Super Chicken,rating,3,2025-10-17 03:57:42,1.289508,103.831986,Clarke Quay,2.88,0.28
int_000546,985b9ad3-79dc-4c6a-9159-27f4dda0e235,Jayden,poi_354_7-Eleven,7-Eleven,search,1,2025-10-17 13:22:45,1.43559,103.802011,Woodlands,7.74,0.22
int_000544,985b9ad3-79dc-4c6a-9159-27f4dda0e235,Jayden,poi_354_7-Eleven,7-Eleven,visit,1,2025-10-17 17:22:45,1.43559,103.802011,Woodlands,7.74,0.22
int_000545,985b9ad3-79dc-4c6a-9159-27f4dda0e235,Jayden,poi_354_7-Eleven,7-Eleven,rating,3,2025-10-17 18:31:45,1.43559,103.802011,Woodlands,7.74,0.22
int_000356,bc6799a8-00d1-4ab5-80bf-eeffc36ba029,Kai,poi_1276_An_Aai_Affair,An Aai Affair,search,1,2025-10-17 21:28:43,1.306428,103.771002,Clementi,4.42,0.51
int_000104,ed4d4ddf-8829-49c2-b540-b0c8aa36dfcf,Maya,poi_795_Chantique_the_Bridal_Gallery,Chantique the Bridal Gallery,visit,1,2025-10-18 13:23:41,1.325981,103.78119,Clementi,13.23,0.44
int_000352,bc6799a8-00d1-4ab5-80bf-eeffc36ba029,Kai,poi_1214_Each-A-Cup,Each-A-Cup,search,1,2025-10-18 13:46:43,1.325822,103.744575,Jurong East,7.46,0.26
int_000202,84273d4e-1e2c-4baf-8f0d-7b4f2ef833d0,Noah,poi_4208_Barrys,Barrys,visit,1,2025-10-18 19:31:42,1.279515,103.846743,Marina Bay,0.48,0.77
int_000203,84273d4e-1e2c-4baf-8f0d-7b4f2ef833d0,Noah,poi_4208_Barrys,Barrys,rating,4,2025-10-18 19:49:42,1.279515,103.846743,Marina Bay,0.48,0.77
int_000504,dc678a8d-37ff-4a54-9a6a-da7252d1b855,Elise,poi_1200_Sam_Yat_Coffee,Sam Yat Coffee,search,1,2025-10-18 20:27:45,1.240849,103.832486,Sentosa,4.88,0.44
int_000355,bc6799a8-00d1-4ab5-80bf-eeffc36ba029,Kai,poi_1276_An_Aai_Affair,An Aai Affair,visit,1,2025-10-18 22:28:43,1.306428,103.771002,Clementi,4.42,0.51
int_000350,bc6799a8-00d1-4ab5-80bf-eeffc36ba029,Kai,poi_1214_Each-A-Cup,Each-A-Cup,visit,1,2025-10-19 01:46:43,1.325822,103.744575,Jurong East,7.46,0.26
int_000351,bc6799a8-00d1-4ab5-80bf-eeffc36ba029,Kai,poi_1214_Each-A-Cup,Each-A-Cup,rating,3,2025-10-19 02:24:43,1.325822,103.744575,Jurong East,7.46,0.26
int_000502,dc678a8d-37ff-4a54-9a6a-da7252d1b855,Elise,poi_1200_Sam_Yat_Coffee,Sam Yat Coffee,visit,1,2025-10-19 12:27:45,1.240849,103.832486,Sentosa,4.88,0.44
int_000528,985b9ad3-79dc-4c6a-9159-27f4dda0e235,Jayden,poi_3848_The_French_American_Bakery,The French American Bakery,visit,1,2025-10-19 13:00:45,1.277524,103.860881,Marina Bay,2.63,0.22
int_000503,dc678a8d-37ff-4a54-9a6a-da7252d1b855,Elise,poi_1200_Sam_Yat_Coffee,Sam Yat Coffee,rating,3,2025-10-19 13:14:45,1.240849,103.832486,Sentosa,4.88,0.44
int_000529,985b9ad3-79dc-4c6a-9159-27f4dda0e235,Jayden,poi_3848_The_French_American_Bakery,The French American Bakery,rating,3,2025-10-19 14:42:45,1.277524,103.860881,Marina Bay,2.63,0.22
int_000346,bc6799a8-00d1-4ab5-80bf-eeffc36ba029,Kai,poi_1255_The_Coffee_Bean_&_Tea_Leaf,The Coffee Bean & Tea Leaf,visit,1,2025-10-19 23:43:43,1.335457,103.859903,Toa Payoh,2.11,0.51
int_000347,bc6799a8-00d1-4ab5-80bf-eeffc36ba029,Kai,poi_1255_The_Coffee_Bean_&_Tea_Leaf,The Coffee Bean & Tea Leaf,rating,4,2025-10-20 00:19:43,1.335457,103.859903,Toa Payoh,2.11,0.51
int_000110,ed4d4ddf-8829-49c2-b540-b0c8aa36dfcf,Maya,poi_1459_Old_Tea_Hut,Old Tea Hut,search,1,2025-10-20 19:57:41,1.328027,103.851964,Toa Payoh,4.85,0.44
int_000108,ed4d4ddf-8829-49c2-b540-b0c8aa36dfcf,Maya,poi_1459_Old_Tea_Hut,Old Tea Hut,visit,1,2025-10-20 21:57:41,1.328027,103.851964,Toa Payoh,4.85,0.44
int_000109,ed4d4ddf-8829-49c2-b540-b0c8aa36dfcf,Maya,poi_1459_Old_Tea_Hut,Old Tea Hut,rating,3,2025-10-20 23:51:41,1.328027,103.851964,Toa Payoh,4.85,0.44
int_000353,bc6799a8-00d1-4ab5-80bf-eeffc36ba029,Kai,poi_932_Chong_AIK,Chong AIK,visit,1,2025-10-21 00:49:43,1.302887,103.838009,Orchard,2.03,0.26
int_000354,bc6799a8-00d1-4ab5-80bf-eeffc36ba029,Kai,poi_932_Chong_AIK,Chong AIK,rating,3,2025-10-21 02:14:43,1.302887,103.838009,Orchard,2.03,0.26
int_000278,0fa06458-d7df-42c6-9de2-c32c36c16707,Liam,poi_3027_Min_Jiang,Min Jiang,search,1,2025-10-21 09:59:42,1.342107,103.844212,Bishan,3.88,0.37
int_000540,985b9ad3-79dc-4c6a-9159-27f4dda0e235,Jayden,poi_480_FairPrice_Xpress,FairPrice Xpress,search,1,2025-10-22 13:00:45,1.425571,103.845547,Yishun,6.83,0.22
int_000441,6c32074e-c671-44f7-951a-422b74159885,David,poi_4783_HBL,HBL,visit,1,2025-10-22 17:54:44,1.339906,103.863077,Serangoon,6.31,0.28
int_000442,6c32074e-c671-44f7-951a-422b74159885,David,poi_4783_HBL,HBL,rating,3,2025-10-22 19:54:44,1.339906,103.863077,Serangoon,6.31,0.28
int_000452,da4ea5cf-d90f-4105-9a6e-f9f38252d01c,Noah,poi_806_The_Shop_with_No_Name,The Shop with No Name,visit,1,2025-10-22 20:34:44,1.424477,103.899828,Punggol,12.25,0.26
int_000453,da4ea5cf-d90f-4105-9a6e-f9f38252d01c,Noah,poi_806_The_Shop_with_No_Name,The Shop with No Name,rating,3,2025-10-22 20:47:44,1.424477,103.899828,Punggol,12.25,0.26
int_000276,0fa06458-d7df-42c6-9de2-c32c36c16707,Liam,poi_3027_Min_Jiang,Min Jiang,visit,1,2025-10-22 20:59:42,1.342107,103.844212,Bishan,3.88,0.37
int_000392,d9093d18-b959-4ff3-b69a-a1748460cb5e,Brian,poi_3801_Rotikek,Rotikek,visit,1,2025-10-22 21:08:44,1.321905,103.933386,Bedok,2.42,0.22
int_000393,d9093d18-b959-4ff3-b69a-a1748460cb5e,Brian,poi_3801_Rotikek,Rotikek,rating,3,2025-10-22 21:17:44,1.321905,103.933386,Bedok,2.42,0.22
int_000277,0fa06458-d7df-42c6-9de2-c32c36c16707,Liam,poi_3027_Min_Jiang,Min Jiang,rating,3,2025-10-22 21:29:42,1.342107,103.844212,Bishan,3.88,0.37
int_000492,dc678a8d-37ff-4a54-9a6a-da7252d1b855,Elise,poi_3828_PrimaDli,PrimaDli,visit,1,2025-10-23 01:57:45,1.303932,103.813453,Orchard,4.83,0.22
int_000493,dc678a8d-37ff-4a54-9a6a-da7252d1b855,Elise,poi_3828_PrimaDli,PrimaDli,rating,2,2025-10-23 03:08:45,1.303932,103.813453,Orchard,4.83,0.22
int_000399,bdfc5ba3-1843-4148-aef4-5f25b90608d4,Sam,poi_3737_Nine_Spices,Nine Spices,visit,1,2025-10-23 12:41:44,1.433568,103.785019,Woodlands,7.11,0.28
int_000117,ed4d4ddf-8829-49c2-b540-b0c8aa36dfcf,Maya,poi_294_Chaung_Thar_Myanmar_Minimart,Chaung Thar Myanmar Minimart,visit,1,2025-10-23 13:28:41,1.338497,103.737056,Jurong East,0.59,0.22
int_000400,bdfc5ba3-1843-4148-aef4-5f25b90608d4,Sam,poi_3737_Nine_Spices,Nine Spices,rating,3,2025-10-23 13:36:44,1.433568,103.785019,Woodlands,7.11,0.28
int_000118,ed4d4ddf-8829-49c2-b540-b0c8aa36dfcf,Maya,poi_294_Chaung_Thar_Myanmar_Minimart,Chaung Thar Myanmar Minimart,rating,3,2025-10-23 13:37:41,1.338497,103.737056,Jurong East,0.59,0.22
int_000317,bc6799a8-00d1-4ab5-80bf-eeffc36ba029,Kai,poi_1404_Gong_Cha,Gong Cha,visit,1,2025-10-23 21:53:43,1.261757,103.831762,Sentosa,10.83,0.51
int_000318,bc6799a8-00d1-4ab5-80bf-eeffc36ba029,Kai,poi_1404_Gong_Cha,Gong Cha,rating,3,2025-10-23 22:13:43,1.261757,103.831762,Sentosa,10.83,0.51
int_000538,985b9ad3-79dc-4c6a-9159-27f4dda0e235,Jayden,poi_480_FairPrice_Xpress,FairPrice Xpress,visit,1,2025-10-24 02:00:45,1.425571,103.845547,Yishun,6.83,0.22
int_000539,985b9ad3-79dc-4c6a-9159-27f4dda0e235,Jayden,poi_480_FairPrice_Xpress,FairPrice Xpress,rating,2,2025-10-24 02:07:45,1.425571,103.845547,Yishun,6.83,0.22
int_000160,af0e718d-4cca-4308-a72e-221b3f2fbe9e,Kai,poi_1258_The_Coffee_Bean_&_Tea_Leaf,The Coffee Bean & Tea Leaf,search,1,2025-10-24 08:22:41,1.337165,103.763057,Jurong East,8.26,0.56
int_000033,6fea97cb-757c-47f2-9e34-3ccbb6714c80,Chloe,poi_1255_The_Coffee_Bean_&_Tea_Leaf,The Coffee Bean & Tea Leaf,search,1,2025-10-25 05:17:40,1.352273,103.854693,Ang Mo Kio,0.74,0.67
int_000555,e84b1e1f-de1f-4d49-85fc-28d7b0e8b86b,Bobby,poi_1242_Otter_&_Pebbles,Otter & Pebbles,visit,1,2025-10-25 15:39:45,1.296095,103.842112,Bugis,2.71,0.51
int_000556,e84b1e1f-de1f-4d49-85fc-28d7b0e8b86b,Bobby,poi_1242_Otter_&_Pebbles,Otter & Pebbles,rating,4,2025-10-25 16:37:45,1.296095,103.842112,Bugis,2.71,0.51
int_000303,0fa06458-d7df-42c6-9de2-c32c36c16707,Liam,poi_1228_The_Tiramisu_Hero,The Tiramisu Hero,visit,1,2025-10-25 18:10:43,1.395013,103.885234,Sengkang,9.75,0.37
int_000304,0fa06458-d7df-42c6-9de2-c32c36c16707,Liam,poi_1228_The_Tiramisu_Hero,The Tiramisu Hero,rating,3,2025-10-25 18:55:43,1.395013,103.885234,Sengkang,9.75,0.37
int_000158,af0e718d-4cca-4308-a72e-221b3f2fbe9e,Kai,poi_1258_The_Coffee_Bean_&_Tea_Leaf,The Coffee Bean & Tea Leaf,visit,1,2025-10-25 22:22:41,1.337165,103.763057,Jurong East,8.26,0.56
int_000064,91d45a60-1f23-45f2-a343-a51017f818d9,Lucas,poi_431_Phoon_Huat,Phoon Huat,visit,1,2025-10-25 22:30:40,1.321975,103.762396,Clementi,0.88,0.19
int_000065,91d45a60-1f23-45f2-a343-a51017f818d9,Lucas,poi_431_Phoon_Huat,Phoon Huat,rating,3,2025-10-25 22:53:40,1.321975,103.762396,Clementi,0.88,0.19
int_000159,af0e718d-4cca-4308-a72e-221b3f2fbe9e,Kai,poi_1258_The_Coffee_Bean_&_Tea_Leaf,The Coffee Bean & Tea Leaf,rating,3,2025-10-25 22:54:41,1.337165,103.763057,Jurong East,8.26,0.56
int_000261,79dfa2c9-fcaf-4ac0-9cf6-acdc3165f1db,Zara,poi_3747_Hue_Banh_Mi,Hue Banh Mi,search,1,2025-10-25 23:35:42,1.389949,103.759717,Woodlands,2.19,0.28
int_000032,6fea97cb-757c-47f2-9e34-3ccbb6714c80,Chloe,poi_1255_The_Coffee_Bean_&_Tea_Leaf,The Coffee Bean & Tea Leaf,visit,1,2025-10-26 00:17:40,1.352273,103.854693,Ang Mo Kio,0.74,0.67
int_000373,d9093d18-b959-4ff3-b69a-a1748460cb5e,Brian,poi_1589_The_Coffee_Bean_and_Tea_Leaf_-_Tampines_Mart,The Coffee Bean and Tea Leaf - Tampines Mart,visit,1,2025-10-26 01:59:44,1.27915,104.041134,Changi,12.27,0.89
int_000374,d9093d18-b959-4ff3-b69a-a1748460cb5e,Brian,poi_1589_The_Coffee_Bean_and_Tea_Leaf_-_Tampines_Mart,The Coffee Bean and Tea Leaf - Tampines Mart,rating,5,2025-10-26 02:09:44,1.27915,104.041134,Changi,12.27,0.89
int_000340,bc6799a8-00d1-4ab5-80bf-eeffc36ba029,Kai,poi_1322_The_Coffee_Bean_&_Tea_Leaf,The Coffee Bean & Tea Leaf,search,1,2025-10-26 05:58:43,1.297587,103.861524,Marina Bay,3.28,0.51
int_000012,6fea97cb-757c-47f2-9e34-3ccbb6714c80,Chloe,poi_1323_Dimbulah_Mountain_Estate_Coffee,Dimbulah Mountain Estate Coffee,visit,1,2025-10-26 12:15:40,1.290344,103.855299,Clarke Quay,0.61,0.44
int_000013,6fea97cb-757c-47f2-9e34-3ccbb6714c80,Chloe,poi_1323_Dimbulah_Mountain_Estate_Coffee,Dimbulah Mountain Estate Coffee,rating,4,2025-10-26 14:07:40,1.290344,103.855299,Clarke Quay,0.61,0.44
int_000243,79dfa2c9-fcaf-4ac0-9cf6-acdc3165f1db,Zara,poi_3611_Teenoy,Teenoy,visit,1,2025-10-26 21:39:42,1.387235,103.898302,Sengkang,8.97,0.28
int_000244,79dfa2c9-fcaf-4ac0-9cf6-acdc3165f1db,Zara,poi_3611_Teenoy,Teenoy,rating,3,2025-10-26 21:47:42,1.387235,103.898302,Sengkang,8.97,0.28
int_000339,bc6799a8-00d1-4ab5-80bf-eeffc36ba029,Kai,poi_1322_The_Coffee_Bean_&_Tea_Leaf,The Coffee Bean & Tea Leaf,visit,1,2025-10-26 23:58:43,1.297587,103.861524,Marina Bay,3.28,0.51
int_000209,84273d4e-1e2c-4baf-8f0d-7b4f2ef833d0,Noah,poi_4163_Fitness_factory,Fitness factory,search,1,2025-10-27 01:46:42,1.341077,103.813184,Bishan,7.07,1.0
int_000535,985b9ad3-79dc-4c6a-9159-27f4dda0e235,Jayden,poi_397_7-Eleven,7-Eleven,search,1,2025-10-27 08:39:45,1.457243,103.716388,Woodlands,8.65,0.22
int_000095,ed4d4ddf-8829-49c2-b540-b0c8aa36dfcf,Maya,poi_1422_Tiong_Bahru_Bakery,Tiong Bahru Bakery,visit,1,2025-10-27 14:58:41,1.315313,103.805364,Orchard,5.16,0.44
int_000474,20fa62fd-59ef-4d4f-8cb4-9389b70ac389,Freya,poi_465_retail_shop,retail shop,visit,1,2025-10-27 15:11:45,1.249315,103.832639,Sentosa,4.24,0.37
int_000475,20fa62fd-59ef-4d4f-8cb4-9389b70ac389,Freya,poi_465_retail_shop,retail shop,rating,3,2025-10-27 15:35:45,1.249315,103.832639,Sentosa,4.24,0.37
int_000096,ed4d4ddf-8829-49c2-b540-b0c8aa36dfcf,Maya,poi_1422_Tiong_Bahru_Bakery,Tiong Bahru Bakery,rating,2,2025-10-27 15:47:41,1.315313,103.805364,Orchard,5.16,0.44
int_000259,79dfa2c9-fcaf-4ac0-9cf6-acdc3165f1db,Zara,poi_3747_Hue_Banh_Mi,Hue Banh Mi,visit,1,2025-10-27 17:35:42,1.389949,103.759717,Woodlands,2.19,0.28
int_000260,79dfa2c9-fcaf-4ac0-9cf6-acdc3165f1db,Zara,poi_3747_Hue_Banh_Mi,Hue Banh Mi,rating,2,2025-10-27 19:03:42,1.389949,103.759717,Woodlands,2.19,0.28
int_000533,985b9ad3-79dc-4c6a-9159-27f4dda0e235,Jayden,poi_397_7-Eleven,7-Eleven,visit,1,2025-10-27 20:39:45,1.457243,103.716388,Woodlands,8.65,0.22
int_000534,985b9ad3-79dc-4c6a-9159-27f4dda0e235,Jayden,poi_397_7-Eleven,7-Eleven,rating,3,2025-10-27 21:51:45,1.457243,103.716388,Woodlands,8.65,0.22
int_000145,13e7ba11-c5a9-4f73-86d2-0f2c058891c7,Maya,poi_1826_Dallas_Restaurant_&_Bar,Dallas Restaurant & Bar,search,1,2025-10-28 00:07:41,1.349574,103.848464,Toa Payoh,7.06,0.48
int_000357,d9093d18-b959-4ff3-b69a-a1748460cb5e,Brian,poi_1417_Coffee_Bean,Coffee Bean,visit,1,2025-10-28 13:39:43,1.360728,103.679357,Jurong East,8.5,0.44
int_000358,d9093d18-b959-4ff3-b69a-a1748460cb5e,Brian,poi_1417_Coffee_Bean,Coffee Bean,rating,3,2025-10-28 15:02:43,1.360728,103.679357,Jurong East,8.5,0.44
int_000501,dc678a8d-37ff-4a54-9a6a-da7252d1b855,Elise,poi_1485_Each_a_Cup,Each a Cup,search,1,2025-10-28 15:37:45,1.37367,103.929802,Pasir Ris,4.16,0.22
int_000099,ed4d4ddf-8829-49c2-b540-b0c8aa36dfcf,Maya,poi_1028_Marks_&_Spencer,Marks & Spencer,search,1,2025-10-28 16:00:41,1.421788,103.863084,Yishun,14.16,0.44
int_000022,6fea97cb-757c-47f2-9e34-3ccbb6714c80,Chloe,poi_1579_Dlifrance,Dlifrance,visit,1,2025-10-28 16:36:40,1.417859,103.949314,Pasir Ris,7.09,0.22
int_000023,6fea97cb-757c-47f2-9e34-3ccbb6714c80,Chloe,poi_1579_Dlifrance,Dlifrance,rating,3,2025-10-28 18:01:40,1.417859,103.949314,Pasir Ris,7.09,0.22
int_000143,13e7ba11-c5a9-4f73-86d2-0f2c058891c7,Maya,poi_1826_Dallas_Restaurant_&_Bar,Dallas Restaurant & Bar,visit,1,2025-10-28 21:07:41,1.349574,103.848464,Toa Payoh,7.06,0.48
int_000144,13e7ba11-c5a9-4f73-86d2-0f2c058891c7,Maya,poi_1826_Dallas_Restaurant_&_Bar,Dallas Restaurant & Bar,rating,4,2025-10-28 21:15:41,1.349574,103.848464,Toa Payoh,7.06,0.48
int_000097,ed4d4ddf-8829-49c2-b540-b0c8aa36dfcf,Maya,poi_1028_Marks_&_Spencer,Marks & Spencer,visit,1,2025-10-28 22:00:41,1.421788,103.863084,Yishun,14.16,0.44
int_000230,84273d4e-1e2c-4baf-8f0d-7b4f2ef833d0,Noah,poi_4005_Balestier_Medical_Clinic,Balestier Medical Clinic,visit,1,2025-10-28 22:55:42,1.290473,103.835186,Orchard,3.97,0.26
int_000098,ed4d4ddf-8829-49c2-b540-b0c8aa36dfcf,Maya,poi_1028_Marks_&_Spencer,Marks & Spencer,rating,3,2025-10-28 23:32:41,1.421788,103.863084,Yishun,14.16,0.44
int_000231,84273d4e-1e2c-4baf-8f0d-7b4f2ef833d0,Noah,poi_4005_Balestier_Medical_Clinic,Balestier Medical Clinic,rating,3,2025-10-29 00:03:42,1.290473,103.835186,Orchard,3.97,0.26
int_000208,84273d4e-1e2c-4baf-8f0d-7b4f2ef833d0,Noah,poi_4163_Fitness_factory,Fitness factory,visit,1,2025-10-29 00:46:42,1.341077,103.813184,Bishan,7.07,1.0
int_000044,6fea97cb-757c-47f2-9e34-3ccbb6714c80,Chloe,poi_3780_Cake_Inspiration,Cake Inspiration,search,1,2025-10-29 01:15:40,1.31876,103.821716,Orchard,8.92,0.22
int_000141,6b60d5cf-63cc-4dc4-9bbe-74da03df19db,Sophia,poi_795_Chantique_the_Bridal_Gallery,Chantique the Bridal Gallery,visit,1,2025-10-29 02:41:41,1.271103,104.044924,Changi,16.83,0.44
int_000142,6b60d5cf-63cc-4dc4-9bbe-74da03df19db,Sophia,poi_795_Chantique_the_Bridal_Gallery,Chantique the Bridal Gallery,rating,3,2025-10-29 02:51:41,1.271103,104.044924,Changi,16.83,0.44
int_000173,af0e718d-4cca-4308-a72e-221b3f2fbe9e,Kai,poi_2526_Day_&_Night,Day & Night,visit,1,2025-10-29 15:59:42,1.281268,103.849515,Marina Bay,1.72,0.56
int_000042,6fea97cb-757c-47f2-9e34-3ccbb6714c80,Chloe,poi_3780_Cake_Inspiration,Cake Inspiration,visit,1,2025-10-29 17:15:40,1.31876,103.821716,Orchard,8.92,0.22
int_000043,6fea97cb-757c-47f2-9e34-3ccbb6714c80,Chloe,poi_3780_Cake_Inspiration,Cake Inspiration,rating,3,2025-10-29 18:49:40,1.31876,103.821716,Orchard,8.92,0.22
int_000499,dc678a8d-37ff-4a54-9a6a-da7252d1b855,Elise,poi_1485_Each_a_Cup,Each a Cup,visit,1,2025-10-30 00:37:45,1.37367,103.929802,Pasir Ris,4.16,0.22
int_000549,e84b1e1f-de1f-4d49-85fc-28d7b0e8b86b,Bobby,poi_1480_Brawns_&_Brains,Brawns & Brains,visit,1,2025-10-30 01:02:45,1.314058,103.937746,Bedok,3.46,0.51
int_000500,dc678a8d-37ff-4a54-9a6a-da7252d1b855,Elise,poi_1485_Each_a_Cup,Each a Cup,rating,4,2025-10-30 01:09:45,1.37367,103.929802,Pasir Ris,4.16,0.22
int_000154,13e7ba11-c5a9-4f73-86d2-0f2c058891c7,Maya,poi_978_Malabar,Malabar,search,1,2025-10-30 15:08:41,1.427254,103.792187,Woodlands,14.92,0.48
int_000153,13e7ba11-c5a9-4f73-86d2-0f2c058891c7,Maya,poi_978_Malabar,Malabar,visit,1,2025-10-30 21:08:41,1.427254,103.792187,Woodlands,14.92,0.48
int_000522,985b9ad3-79dc-4c6a-9159-27f4dda0e235,Jayden,poi_533_7-Eleven,7-Eleven,visit,1,2025-10-31 12:09:45,1.456438,103.897145,Punggol,8.38,0.22
int_000088,4fbee9f0-804a-4e5d-834e-553670746410,Ethan,poi_1087_Drury_Lane,Drury Lane,visit,1,2025-10-31 16:48:41,1.301623,103.835058,Orchard,2.76,0.22
int_000089,4fbee9f0-804a-4e5d-834e-553670746410,Ethan,poi_1087_Drury_Lane,Drury Lane,rating,3,2025-10-31 17:44:41,1.301623,103.835058,Orchard,2.76,0.22
int_000516,dc678a8d-37ff-4a54-9a6a-da7252d1b855,Elise,poi_1142_Ah_Chew_Desserts,Ah Chew Desserts,visit,1,2025-11-01 18:21:45,1.325246,103.818377,Orchard,5.2,0.44
int_000517,dc678a8d-37ff-4a54-9a6a-da7252d1b855,Elise,poi_1142_Ah_Chew_Desserts,Ah Chew Desserts,rating,3,2025-11-01 19:38:45,1.325246,103.818377,Orchard,5.2,0.44
int_000167,af0e718d-4cca-4308-a72e-221b3f2fbe9e,Kai,poi_867_Singkiz,Singkiz,visit,1,2025-11-01 20:31:42,1.359256,103.854031,Serangoon,5.81,0.56
int_000168,af0e718d-4cca-4308-a72e-221b3f2fbe9e,Kai,poi_867_Singkiz,Singkiz,rating,4,2025-11-01 22:23:42,1.359256,103.854031,Serangoon,5.81,0.56
int_000319,bc6799a8-00d1-4ab5-80bf-eeffc36ba029,Kai,poi_820_Venge,Venge,visit,1,2025-11-02 01:52:43,1.371559,103.904789,Sengkang,9.36,0.26
int_000320,bc6799a8-00d1-4ab5-80bf-eeffc36ba029,Kai,poi_820_Venge,Venge,rating,3,2025-11-02 02:32:43,1.371559,103.904789,Sengkang,9.36,0.26
int_000523,985b9ad3-79dc-4c6a-9159-27f4dda0e235,Jayden,poi_1399_Kings_Kart_Coffee,Kings Kart Coffee,visit,1,2025-11-02 15:56:45,1.346205,103.855154,Toa Payoh,0.81,0.67
int_000524,985b9ad3-79dc-4c6a-9159-27f4dda0e235,Jayden,poi_1399_Kings_Kart_Coffee,Kings Kart Coffee,rating,4,2025-11-02 16:24:45,1.346205,103.855154,Toa Payoh,0.81,0.67
int_000207,84273d4e-1e2c-4baf-8f0d-7b4f2ef833d0,Noah,poi_1452_Nine_Fresh_Desserts_Taiwan,Nine Fresh Desserts Taiwan,search,1,2025-11-03 01:01:42,1.36539,103.729912,Jurong East,9.53,0.26
int_000382,d9093d18-b959-4ff3-b69a-a1748460cb5e,Brian,poi_1017_Metro,Metro,visit,1,2025-11-03 13:08:44,1.455023,103.663745,Woodlands,13.69,0.44
int_000383,d9093d18-b959-4ff3-b69a-a1748460cb5e,Brian,poi_1017_Metro,Metro,rating,3,2025-11-03 14:58:44,1.455023,103.663745,Woodlands,13.69,0.44
int_000262,79dfa2c9-fcaf-4ac0-9cf6-acdc3165f1db,Zara,poi_3593_Krispy_Kreme,Krispy Kreme,visit,1,2025-11-03 16:43:42,1.306646,103.869374,Bugis,2.89,0.28
int_000263,79dfa2c9-fcaf-4ac0-9cf6-acdc3165f1db,Zara,poi_3593_Krispy_Kreme,Krispy Kreme,rating,4,2025-11-03 17:34:42,1.306646,103.869374,Bugis,2.89,0.28
int_000226,84273d4e-1e2c-4baf-8f0d-7b4f2ef833d0,Noah,poi_3955_Pam_Island_Clinic_&_Surgery,Pam Island Clinic & Surgery,visit,1,2025-11-04 01:08:42,1.333356,103.918579,Bedok,0.48,0.26
int_000136,6b60d5cf-63cc-4dc4-9bbe-74da03df19db,Sophia,poi_843_Tiffany_&_Co,Tiffany & Co,search,1,2025-11-04 01:45:41,1.439136,103.832864,Yishun,14.98,0.22
int_000227,84273d4e-1e2c-4baf-8f0d-7b4f2ef833d0,Noah,poi_3955_Pam_Island_Clinic_&_Surgery,Pam Island Clinic & Surgery,rating,3,2025-11-04 02:44:42,1.333356,103.918579,Bedok,0.48,0.26
int_000409,6c32074e-c671-44f7-951a-422b74159885,David,poi_5126_UOB,UOB,search,1,2025-11-04 22:26:44,1.391835,103.901845,Sengkang,7.7,0.28
int_000205,84273d4e-1e2c-4baf-8f0d-7b4f2ef833d0,Noah,poi_1452_Nine_Fresh_Desserts_Taiwan,Nine Fresh Desserts Taiwan,visit,1,2025-11-05 00:01:42,1.36539,103.729912,Jurong East,9.53,0.26
int_000206,84273d4e-1e2c-4baf-8f0d-7b4f2ef833d0,Noah,poi_1452_Nine_Fresh_Desserts_Taiwan,Nine Fresh Desserts Taiwan,rating,3,2025-11-05 00:21:42,1.36539,103.729912,Jurong East,9.53,0.26
int_000122,6b60d5cf-63cc-4dc4-9bbe-74da03df19db,Sophia,poi_1566_Great_Nanyang_Heritage_Cafe,Great Nanyang Heritage Cafe,search,1,2025-11-05 15:17:41,1.293581,103.841867,Clarke Quay,0.88,0.44
int_000134,6b60d5cf-63cc-4dc4-9bbe-74da03df19db,Sophia,poi_843_Tiffany_&_Co,Tiffany & Co,visit,1,2025-11-05 16:45:41,1.439136,103.832864,Yishun,14.98,0.22
int_000135,6b60d5cf-63cc-4dc4-9bbe-74da03df19db,Sophia,poi_843_Tiffany_&_Co,Tiffany & Co,rating,2,2025-11-05 18:44:41,1.439136,103.832864,Yishun,14.98,0.22
int_000407,6c32074e-c671-44f7-951a-422b74159885,David,poi_5126_UOB,UOB,visit,1,2025-11-05 19:26:44,1.391835,103.901845,Sengkang,7.7,0.28
int_000408,6c32074e-c671-44f7-951a-422b74159885,David,poi_5126_UOB,UOB,rating,3,2025-11-05 21:14:44,1.391835,103.901845,Sengkang,7.7,0.28
int_000468,da4ea5cf-d90f-4105-9a6e-f9f38252d01c,Noah,poi_765_Harvey_Norman,Harvey Norman,search,1,2025-11-06 03:08:45,1.259941,103.817732,Sentosa,6.13,0.51
int_000552,e84b1e1f-de1f-4d49-85fc-28d7b0e8b86b,Bobby,poi_1326_Ya_Kun_Kaya_Toast,Ya Kun Kaya Toast,search,1,2025-11-06 03:18:45,1.428222,103.923423,Punggol,14.71,0.51
int_000550,e84b1e1f-de1f-4d49-85fc-28d7b0e8b86b,Bobby,poi_1326_Ya_Kun_Kaya_Toast,Ya Kun Kaya Toast,visit,1,2025-11-06 12:18:45,1.428222,103.923423,Punggol,14.71,0.51
int_000551,e84b1e1f-de1f-4d49-85fc-28d7b0e8b86b,Bobby,poi_1326_Ya_Kun_Kaya_Toast,Ya Kun Kaya Toast,rating,3,2025-11-06 14:04:45,1.428222,103.923423,Punggol,14.71,0.51
int_000121,6b60d5cf-63cc-4dc4-9bbe-74da03df19db,Sophia,poi_1566_Great_Nanyang_Heritage_Cafe,Great Nanyang Heritage Cafe,visit,1,2025-11-06 14:17:41,1.293581,103.841867,Clarke Quay,0.88,0.44
int_000281,0fa06458-d7df-42c6-9de2-c32c36c16707,Liam,poi_1835_Goldleaf_Taiwan_Restaurant,Goldleaf Taiwan Restaurant,search,1,2025-11-07 11:56:42,1.360019,103.889826,Hougang,9.91,0.37
int_000467,da4ea5cf-d90f-4105-9a6e-f9f38252d01c,Noah,poi_765_Harvey_Norman,Harvey Norman,visit,1,2025-11-07 20:08:45,1.259941,103.817732,Sentosa,6.13,0.51
int_000296,0fa06458-d7df-42c6-9de2-c32c36c16707,Liam,poi_1284_Caffe_Fernet,Caffe Fernet,visit,1,2025-11-07 20:56:43,1.317315,103.902865,Bedok,6.72,0.37
int_000297,0fa06458-d7df-42c6-9de2-c32c36c16707,Liam,poi_1284_Caffe_Fernet,Caffe Fernet,rating,3,2025-11-07 21:26:43,1.317315,103.902865,Bedok,6.72,0.37
int_000344,bc6799a8-00d1-4ab5-80bf-eeffc36ba029,Kai,poi_1480_Brawns_&_Brains,Brawns & Brains,visit,1,2025-11-07 23:01:43,1.23735,103.901052,Marina Bay,7.82,0.51
int_000345,bc6799a8-00d1-4ab5-80bf-eeffc36ba029,Kai,poi_1480_Brawns_&_Brains,Brawns & Brains,rating,2,2025-11-08 00:50:43,1.23735,103.901052,Marina Bay,7.82,0.51
int_000245,79dfa2c9-fcaf-4ac0-9cf6-acdc3165f1db,Zara,poi_3714_Whampoa_Prawn_Noodles,Whampoa Prawn Noodles,visit,1,2025-11-08 01:15:42,1.315726,103.837478,Orchard,1.81,0.28
int_000071,91d45a60-1f23-45f2-a343-a51017f818d9,Lucas,poi_3529_Dominos,Dominos,visit,1,2025-11-08 01:17:41,1.268992,103.616297,Jurong East,9.48,0.37
int_000072,91d45a60-1f23-45f2-a343-a51017f818d9,Lucas,poi_3529_Dominos,Dominos,rating,3,2025-11-08 01:38:41,1.268992,103.616297,Jurong East,9.48,0.37
int_000082,4fbee9f0-804a-4e5d-834e-553670746410,Ethan,poi_1458_SweetSpot_Cafe,SweetSpot Cafe,search,1,2025-11-08 09:26:41,1.391903,103.899501,Punggol,12.55,0.22
int_000119,6b60d5cf-63cc-4dc4-9bbe-74da03df19db,Sophia,poi_471_7-Eleven,7-Eleven,visit,1,2025-11-08 13:27:41,1.39212,103.965275,Pasir Ris,15.49,0.22
int_000113,ed4d4ddf-8829-49c2-b540-b0c8aa36dfcf,Maya,poi_1386_Knots_Cafe_and_Living,Knots Cafe and Living,visit,1,2025-11-08 13:56:41,1.454547,103.973789,Pasir Ris,16.75,0.22
int_000395,bdfc5ba3-1843-4148-aef4-5f25b90608d4,Sam,poi_3547_Gomgom,Gomgom,visit,1,2025-11-08 14:36:44,1.236463,104.024592,Bedok,13.49,0.28
int_000120,6b60d5cf-63cc-4dc4-9bbe-74da03df19db,Sophia,poi_471_7-Eleven,7-Eleven,rating,3,2025-11-08 15:03:41,1.39212,103.965275,Pasir Ris,15.49,0.22
int_000114,ed4d4ddf-8829-49c2-b540-b0c8aa36dfcf,Maya,poi_1386_Knots_Cafe_and_Living,Knots Cafe and Living,rating,2,2025-11-08 15:09:41,1.454547,103.973789,Pasir Ris,16.75,0.22
int_000396,bdfc5ba3-1843-4148-aef4-5f25b90608d4,Sam,poi_3547_Gomgom,Gomgom,rating,3,2025-11-08 16:11:44,1.236463,104.024592,Bedok,13.49,0.28
int_000279,0fa06458-d7df-42c6-9de2-c32c36c16707,Liam,poi_1835_Goldleaf_Taiwan_Restaurant,Goldleaf Taiwan Restaurant,visit,1,2025-11-08 22:56:42,1.360019,103.889826,Hougang,9.91,0.37
int_000280,0fa06458-d7df-42c6-9de2-c32c36c16707,Liam,poi_1835_Goldleaf_Taiwan_Restaurant,Goldleaf Taiwan Restaurant,rating,3,2025-11-08 23:15:42,1.360019,103.889826,Hougang,9.91,0.37
int_000080,4fbee9f0-804a-4e5d-834e-553670746410,Ethan,poi_1458_SweetSpot_Cafe,SweetSpot Cafe,visit,1,2025-11-09 02:26:41,1.391903,103.899501,Punggol,12.55,0.22
int_000081,4fbee9f0-804a-4e5d-834e-553670746410,Ethan,poi_1458_SweetSpot_Cafe,SweetSpot Cafe,rating,2,2025-11-09 02:51:41,1.391903,103.899501,Punggol,12.55,0.22
int_000150,13e7ba11-c5a9-4f73-86d2-0f2c058891c7,Maya,poi_3966_Hyperbaric_Medical_Services,Hyperbaric Medical Services,search,1,2025-11-09 04:11:41,1.438272,103.817029,Yishun,12.93,0.48
int_000166,af0e718d-4cca-4308-a72e-221b3f2fbe9e,Kai,poi_1292_Starbucks,Starbucks,search,1,2025-11-09 04:58:41,1.352529,103.867712,Serangoon,4.77,0.56
int_000148,13e7ba11-c5a9-4f73-86d2-0f2c058891c7,Maya,poi_3966_Hyperbaric_Medical_Services,Hyperbaric Medical Services,visit,1,2025-11-09 17:11:41,1.438272,103.817029,Yishun,12.93,0.48
int_000149,13e7ba11-c5a9-4f73-86d2-0f2c058891c7,Maya,poi_3966_Hyperbaric_Medical_Services,Hyperbaric Medical Services,rating,3,2025-11-09 17:42:41,1.438272,103.817029,Yishun,12.93,0.48
int_000432,6c32074e-c671-44f7-951a-422b74159885,David,poi_495_7-Eleven,7-Eleven,search,1,2025-11-09 20:44:44,1.304449,103.921111,Bedok,9.23,0.28
int_000225,84273d4e-1e2c-4baf-8f0d-7b4f2ef833d0,Noah,poi_4173_Tirisula_Yoga,Tirisula Yoga,search,1,2025-11-09 23:48:42,1.310355,103.8373,Bugis,6.05,0.77
int_000223,84273d4e-1e2c-4baf-8f0d-7b4f2ef833d0,Noah,poi_4173_Tirisula_Yoga,Tirisula Yoga,visit,1,2025-11-10 15:48:42,1.310355,103.8373,Bugis,6.05,0.77
int_000405,bdfc5ba3-1843-4148-aef4-5f25b90608d4,Sam,poi_3448_Subway,Subway,visit,1,2025-11-10 16:12:44,1.46389,103.643284,Woodlands,13.64,0.28
int_000224,84273d4e-1e2c-4baf-8f0d-7b4f2ef833d0,Noah,poi_4173_Tirisula_Yoga,Tirisula Yoga,rating,4,2025-11-10 17:26:42,1.310355,103.8373,Bugis,6.05,0.77
int_000406,bdfc5ba3-1843-4148-aef4-5f25b90608d4,Sam,poi_3448_Subway,Subway,rating,3,2025-11-10 18:04:44,1.46389,103.643284,Woodlands,13.64,0.28
int_000430,6c32074e-c671-44f7-951a-422b74159885,David,poi_495_7-Eleven,7-Eleven,visit,1,2025-11-10 21:44:44,1.304449,103.921111,Bedok,9.23,0.28
int_000164,af0e718d-4cca-4308-a72e-221b3f2fbe9e,Kai,poi_1292_Starbucks,Starbucks,visit,1,2025-11-10 22:58:41,1.352529,103.867712,Serangoon,4.77,0.56
int_000431,6c32074e-c671-44f7-951a-422b74159885,David,poi_495_7-Eleven,7-Eleven,rating,3,2025-11-10 23:39:44,1.304449,103.921111,Bedok,9.23,0.28
int_000165,af0e718d-4cca-4308-a72e-221b3f2fbe9e,Kai,poi_1292_Starbucks,Starbucks,rating,4,2025-11-11 00:17:41,1.352529,103.867712,Serangoon,4.77,0.56
int_000181,11069943-47a6-46e4-87ca-fa7d38142abc,Isla,poi_2434_Akbar_24_Hours_Restaurant,Akbar 24 Hours Restaurant,visit,1,2025-11-11 21:08:42,1.289994,103.864106,Clarke Quay,3.0,0.48
int_000182,11069943-47a6-46e4-87ca-fa7d38142abc,Isla,poi_2434_Akbar_24_Hours_Restaurant,Akbar 24 Hours Restaurant,rating,3,2025-11-11 22:16:42,1.289994,103.864106,Clarke Quay,3.0,0.48
int_000375,d9093d18-b959-4ff3-b69a-a1748460cb5e,Brian,poi_1357_Starbucks,Starbucks,visit,1,2025-11-11 23:35:44,1.284567,103.827807,Orchard,8.92,0.22
int_000090,4fbee9f0-804a-4e5d-834e-553670746410,Ethan,poi_1387_Fat_Po,Fat Po,visit,1,2025-11-12 01:23:41,1.344011,104.01137,Changi,11.8,0.22
int_000330,bc6799a8-00d1-4ab5-80bf-eeffc36ba029,Kai,poi_897_Beyond_9_to_5,Beyond 9 to 5,visit,1,2025-11-12 19:07:43,1.403041,103.948768,Pasir Ris,3.25,0.26
int_000553,e84b1e1f-de1f-4d49-85fc-28d7b0e8b86b,Bobby,poi_1366_Whampoa_Soya_Bean_&_Grass_Jelly_Drinks,Whampoa Soya Bean & Grass Jelly Drinks,visit,1,2025-11-12 19:31:45,1.297763,103.851726,Marina Bay,2.84,0.51
int_000331,bc6799a8-00d1-4ab5-80bf-eeffc36ba029,Kai,poi_897_Beyond_9_to_5,Beyond 9 to 5,rating,2,2025-11-12 19:38:43,1.403041,103.948768,Pasir Ris,3.25,0.26
int_000418,6c32074e-c671-44f7-951a-422b74159885,David,poi_5421_UOB,UOB,search,1,2025-11-12 20:22:44,1.433447,103.835587,Yishun,12.44,0.28
int_000554,e84b1e1f-de1f-4d49-85fc-28d7b0e8b86b,Bobby,poi_1366_Whampoa_Soya_Bean_&_Grass_Jelly_Drinks,Whampoa Soya Bean & Grass Jelly Drinks,rating,5,2025-11-12 20:36:45,1.297763,103.851726,Marina Bay,2.84,0.51
int_000286,0fa06458-d7df-42c6-9de2-c32c36c16707,Liam,poi_756_Hena_Infocom_Technologies_&_Trading,Hena Infocom Technologies & Trading,search,1,2025-11-12 23:56:43,1.294556,103.835621,Bugis,2.84,0.56
int_000201,84273d4e-1e2c-4baf-8f0d-7b4f2ef833d0,Noah,poi_4045_Nanyang_Dentist,Nanyang Dentist,search,1,2025-11-13 03:22:42,1.316688,103.928457,Bedok,5.77,0.26
int_000222,84273d4e-1e2c-4baf-8f0d-7b4f2ef833d0,Noah,poi_4170_24-HR-Gym,24-HR-Gym,search,1,2025-11-13 13:16:42,1.29441,103.854739,Clarke Quay,5.48,0.77
int_000416,6c32074e-c671-44f7-951a-422b74159885,David,poi_5421_UOB,UOB,visit,1,2025-11-13 23:22:44,1.433447,103.835587,Yishun,12.44,0.28
int_000417,6c32074e-c671-44f7-951a-422b74159885,David,poi_5421_UOB,UOB,rating,3,2025-11-14 00:29:44,1.433447,103.835587,Yishun,12.44,0.28
int_000018,6fea97cb-757c-47f2-9e34-3ccbb6714c80,Chloe,poi_1410_Coffee_Friends,Coffee Friends,search,1,2025-11-14 07:46:40,1.319604,103.761685,Clementi,1.01,0.44
int_000220,84273d4e-1e2c-4baf-8f0d-7b4f2ef833d0,Noah,poi_4170_24-HR-Gym,24-HR-Gym,visit,1,2025-11-14 16:16:42,1.29441,103.854739,Clarke Quay,5.48,0.77
int_000199,84273d4e-1e2c-4baf-8f0d-7b4f2ef833d0,Noah,poi_4045_Nanyang_Dentist,Nanyang Dentist,visit,1,2025-11-14 16:22:42,1.316688,103.928457,Bedok,5.77,0.26
int_000221,84273d4e-1e2c-4baf-8f0d-7b4f2ef833d0,Noah,poi_4170_24-HR-Gym,24-HR-Gym,rating,4,2025-11-14 16:42:42,1.29441,103.854739,Clarke Quay,5.48,0.77
int_000200,84273d4e-1e2c-4baf-8f0d-7b4f2ef833d0,Noah,poi_4045_Nanyang_Dentist,Nanyang Dentist,rating,3,2025-11-14 17:17:42,1.316688,103.928457,Bedok,5.77,0.26
int_000017,6fea97cb-757c-47f2-9e34-3ccbb6714c80,Chloe,poi_1410_Coffee_Friends,Coffee Friends,visit,1,2025-11-14 18:46:40,1.319604,103.761685,Clementi,1.01,0.44
int_000284,0fa06458-d7df-42c6-9de2-c32c36c16707,Liam,poi_756_Hena_Infocom_Technologies_&_Trading,Hena Infocom Technologies & Trading,visit,1,2025-11-14 19:56:43,1.294556,103.835621,Bugis,2.84,0.56
int_000285,0fa06458-d7df-42c6-9de2-c32c36c16707,Liam,poi_756_Hena_Infocom_Technologies_&_Trading,Hena Infocom Technologies & Trading,rating,4,2025-11-14 20:37:43,1.294556,103.835621,Bugis,2.84,0.56
int_000010,6fea97cb-757c-47f2-9e34-3ccbb6714c80,Chloe,poi_1117_Foot_code,Foot code,visit,1,2025-11-15 12:57:40,1.236097,103.607722,Jurong East,14.06,0.22
int_000011,6fea97cb-757c-47f2-9e34-3ccbb6714c80,Chloe,poi_1117_Foot_code,Foot code,rating,2,2025-11-15 14:29:40,1.236097,103.607722,Jurong East,14.06,0.22
int_000026,6fea97cb-757c-47f2-9e34-3ccbb6714c80,Chloe,poi_1125_The_Bakery_Chef,The Bakery Chef,search,1,2025-11-15 15:46:40,1.297894,103.862507,Bugis,5.39,0.44
int_000232,84273d4e-1e2c-4baf-8f0d-7b4f2ef833d0,Noah,poi_4163_Fitness_factory,Fitness factory,visit,1,2025-11-15 17:57:42,1.336563,103.844827,Toa Payoh,5.35,1.0
int_000024,6fea97cb-757c-47f2-9e34-3ccbb6714c80,Chloe,poi_1125_The_Bakery_Chef,The Bakery Chef,visit,1,2025-11-16 01:46:40,1.297894,103.862507,Bugis,5.39,0.44
int_000025,6fea97cb-757c-47f2-9e34-3ccbb6714c80,Chloe,poi_1125_The_Bakery_Chef,The Bakery Chef,rating,3,2025-11-16 03:20:40,1.297894,103.862507,Bugis,5.39,0.44
int_000240,84273d4e-1e2c-4baf-8f0d-7b4f2ef833d0,Noah,poi_3945_Kerbal-Basic_TCM_Clinic,Kerbal-Basic TCM Clinic,visit,1,2025-11-16 19:04:42,1.336067,103.754696,Jurong East,9.64,0.26
int_000146,13e7ba11-c5a9-4f73-86d2-0f2c058891c7,Maya,poi_3861_Barcook_Bakery,Barcook Bakery,visit,1,2025-11-16 22:11:41,1.38033,103.891305,Sengkang,6.39,0.48
int_000147,13e7ba11-c5a9-4f73-86d2-0f2c058891c7,Maya,poi_3861_Barcook_Bakery,Barcook Bakery,rating,3,2025-11-16 23:15:41,1.38033,103.891305,Sengkang,6.39,0.48
int_000074,91d45a60-1f23-45f2-a343-a51017f818d9,Lucas,poi_1125_The_Bakery_Chef,The Bakery Chef,search,1,2025-11-17 02:03:41,1.320141,103.762061,Clementi,7.21,0.37
int_000512,dc678a8d-37ff-4a54-9a6a-da7252d1b855,Elise,poi_1378_Olella_Makan_House,Olella Makan House,visit,1,2025-11-17 16:52:45,1.435344,103.826932,Yishun,13.72,0.22
int_000369,d9093d18-b959-4ff3-b69a-a1748460cb5e,Brian,poi_1480_Brawns_&_Brains,Brawns & Brains,visit,1,2025-11-17 18:01:44,1.355516,103.939934,Tampines,6.46,0.22
int_000513,dc678a8d-37ff-4a54-9a6a-da7252d1b855,Elise,poi_1378_Olella_Makan_House,Olella Makan House,rating,2,2025-11-17 18:52:45,1.435344,103.826932,Yishun,13.72,0.22
int_000370,d9093d18-b959-4ff3-b69a-a1748460cb5e,Brian,poi_1480_Brawns_&_Brains,Brawns & Brains,rating,3,2025-11-17 19:47:44,1.355516,103.939934,Tampines,6.46,0.22
int_000073,91d45a60-1f23-45f2-a343-a51017f818d9,Lucas,poi_1125_The_Bakery_Chef,The Bakery Chef,visit,1,2025-11-17 23:03:41,1.320141,103.762061,Clementi,7.21,0.37
int_000246,79dfa2c9-fcaf-4ac0-9cf6-acdc3165f1db,Zara,poi_3703_Little_Ribbons_Pasta_Co.,Little Ribbons Pasta Co.,visit,1,2025-11-18 02:47:42,1.36369,103.954748,Pasir Ris,1.31,0.28
int_000247,79dfa2c9-fcaf-4ac0-9cf6-acdc3165f1db,Zara,poi_3703_Little_Ribbons_Pasta_Co.,Little Ribbons Pasta Co.,rating,3,2025-11-18 04:06:42,1.36369,103.954748,Pasir Ris,1.31,0.28
int_000169,af0e718d-4cca-4308-a72e-221b3f2fbe9e,Kai,poi_1570_Kyuukei_Coffee,Kyuukei Coffee,visit,1,2025-11-19 12:44:42,1.286544,103.843456,Clarke Quay,0.71,0.56
int_000170,af0e718d-4cca-4308-a72e-221b3f2fbe9e,Kai,poi_1570_Kyuukei_Coffee,Kyuukei Coffee,rating,4,2025-11-19 13:30:42,1.286544,103.843456,Clarke Quay,0.71,0.56
int_000177,11069943-47a6-46e4-87ca-fa7d38142abc,Isla,poi_4228_Strength_Avenue,Strength Avenue,visit,1,2025-11-19 17:22:42,1.278977,103.853284,Marina Bay,1.16,0.24
int_000264,79dfa2c9-fcaf-4ac0-9cf6-acdc3165f1db,Zara,poi_3490_McDonalds,McDonalds,visit,1,2025-11-20 00:09:42,1.426153,103.820847,Yishun,7.63,0.28
int_000294,0fa06458-d7df-42c6-9de2-c32c36c16707,Liam,poi_2103_Burnt_Ends_Dempsey_Rd,Burnt Ends Dempsey Rd,visit,1,2025-11-20 01:27:43,1.313587,103.785191,Clementi,2.85,0.37
int_000265,79dfa2c9-fcaf-4ac0-9cf6-acdc3165f1db,Zara,poi_3490_McDonalds,McDonalds,rating,3,2025-11-20 01:34:42,1.426153,103.820847,Yishun,7.63,0.28
int_000295,0fa06458-d7df-42c6-9de2-c32c36c16707,Liam,poi_2103_Burnt_Ends_Dempsey_Rd,Burnt Ends Dempsey Rd,rating,2,2025-11-20 02:35:43,1.313587,103.785191,Clementi,2.85,0.37
int_000329,bc6799a8-00d1-4ab5-80bf-eeffc36ba029,Kai,poi_1434_Habitat,Habitat,search,1,2025-11-20 13:23:43,1.299685,103.839069,Clarke Quay,2.67,0.51
int_000214,84273d4e-1e2c-4baf-8f0d-7b4f2ef833d0,Noah,poi_4044_Nam_Fung_Dental_Surgery,Nam Fung Dental Surgery,search,1,2025-11-20 19:36:42,1.363854,103.945468,Pasir Ris,8.15,0.26
int_000327,bc6799a8-00d1-4ab5-80bf-eeffc36ba029,Kai,poi_1434_Habitat,Habitat,visit,1,2025-11-20 20:23:43,1.299685,103.839069,Clarke Quay,2.67,0.51
int_000328,bc6799a8-00d1-4ab5-80bf-eeffc36ba029,Kai,poi_1434_Habitat,Habitat,rating,4,2025-11-20 22:16:43,1.299685,103.839069,Clarke Quay,2.67,0.51
int_000212,84273d4e-1e2c-4baf-8f0d-7b4f2ef833d0,Noah,poi_4044_Nam_Fung_Dental_Surgery,Nam Fung Dental Surgery,visit,1,2025-11-20 23:36:42,1.363854,103.945468,Pasir Ris,8.15,0.26
int_000213,84273d4e-1e2c-4baf-8f0d-7b4f2ef833d0,Noah,poi_4044_Nam_Fung_Dental_Surgery,Nam Fung Dental Surgery,rating,2,2025-11-21 00:45:42,1.363854,103.945468,Pasir Ris,8.15,0.26
int_000027,6fea97cb-757c-47f2-9e34-3ccbb6714c80,Chloe,poi_1075_Coffee-Hugg,Coffee-Hugg,visit,1,2025-11-21 02:42:40,1.304084,103.842039,Orchard,2.79,0.44
int_000028,6fea97cb-757c-47f2-9e34-3ccbb6714c80,Chloe,poi_1075_Coffee-Hugg,Coffee-Hugg,rating,4,2025-11-21 03:15:40,1.304084,103.842039,Orchard,2.79,0.44
int_000301,0fa06458-d7df-42c6-9de2-c32c36c16707,Liam,poi_1191_Whisk_&_Paddle,Whisk & Paddle,visit,1,2025-11-21 18:25:43,1.458849,103.994831,Changi,11.31,0.37
int_000006,966592ed-5bfd-4113-9c4d-d93cd3637b40,Aiden,poi_520_7-Eleven,7-Eleven,visit,1,2025-11-21 18:54:40,1.306351,103.856184,Bugis,10.51,0.19
int_000302,0fa06458-d7df-42c6-9de2-c32c36c16707,Liam,poi_1191_Whisk_&_Paddle,Whisk & Paddle,rating,3,2025-11-21 19:21:43,1.458849,103.994831,Changi,11.31,0.37
int_000007,966592ed-5bfd-4113-9c4d-d93cd3637b40,Aiden,poi_520_7-Eleven,7-Eleven,rating,2,2025-11-21 20:20:40,1.306351,103.856184,Bugis,10.51,0.19
int_000130,6b60d5cf-63cc-4dc4-9bbe-74da03df19db,Sophia,poi_896_ANTA,ANTA,search,1,2025-11-22 00:19:41,1.358261,103.903719,Hougang,5.26,0.22
int_000414,6c32074e-c671-44f7-951a-422b74159885,David,poi_534_Cheers,Cheers,visit,1,2025-11-22 02:25:44,1.364998,103.848283,Ang Mo Kio,3.66,0.28
int_000415,6c32074e-c671-44f7-951a-422b74159885,David,poi_534_Cheers,Cheers,rating,3,2025-11-22 04:15:44,1.364998,103.848283,Ang Mo Kio,3.66,0.28
int_000337,bc6799a8-00d1-4ab5-80bf-eeffc36ba029,Kai,poi_1369_Turkish_Cafe,Turkish Cafe,visit,1,2025-11-22 12:08:43,1.362683,103.827104,Ang Mo Kio,11.34,0.51
int_000338,bc6799a8-00d1-4ab5-80bf-eeffc36ba029,Kai,poi_1369_Turkish_Cafe,Turkish Cafe,rating,3,2025-11-22 13:20:43,1.362683,103.827104,Ang Mo Kio,11.34,0.51
int_000478,20fa62fd-59ef-4d4f-8cb4-9389b70ac389,Freya,poi_1045_Starbucks,Starbucks,search,1,2025-11-22 17:01:45,1.355539,103.854999,Ang Mo Kio,6.01,0.37
int_000477,20fa62fd-59ef-4d4f-8cb4-9389b70ac389,Freya,poi_1045_Starbucks,Starbucks,visit,1,2025-11-22 19:01:45,1.355539,103.854999,Ang Mo Kio,6.01,0.37
int_000465,da4ea5cf-d90f-4105-9a6e-f9f38252d01c,Noah,poi_1203_Qtech,Qtech,visit,1,2025-11-22 19:57:45,1.362897,103.873592,Serangoon,6.37,0.77
int_000466,da4ea5cf-d90f-4105-9a6e-f9f38252d01c,Noah,poi_1203_Qtech,Qtech,rating,3,2025-11-22 20:12:45,1.362897,103.873592,Serangoon,6.37,0.77
int_000557,e84b1e1f-de1f-4d49-85fc-28d7b0e8b86b,Bobby,poi_1409_LiHO_TEA,LiHO TEA,visit,1,2025-11-22 20:50:45,1.372328,103.946349,Pasir Ris,0.41,0.51
int_000558,e84b1e1f-de1f-4d49-85fc-28d7b0e8b86b,Bobby,poi_1409_LiHO_TEA,LiHO TEA,rating,4,2025-11-22 21:25:45,1.372328,103.946349,Pasir Ris,0.41,0.51
int_000228,84273d4e-1e2c-4baf-8f0d-7b4f2ef833d0,Noah,poi_4005_Balestier_Medical_Clinic,Balestier Medical Clinic,visit,1,2025-11-22 22:28:42,1.354745,103.856909,Serangoon,3.74,0.26
int_000229,84273d4e-1e2c-4baf-8f0d-7b4f2ef833d0,Noah,poi_4005_Balestier_Medical_Clinic,Balestier Medical Clinic,rating,3,2025-11-22 23:51:42,1.354745,103.856909,Serangoon,3.74,0.26
int_000069,91d45a60-1f23-45f2-a343-a51017f818d9,Lucas,poi_1154_Thai_Table,Thai Table,visit,1,2025-11-23 02:42:41,1.345823,103.968757,Tampines,2.62,0.37
int_000070,91d45a60-1f23-45f2-a343-a51017f818d9,Lucas,poi_1154_Thai_Table,Thai Table,rating,3,2025-11-23 03:51:41,1.345823,103.968757,Tampines,2.62,0.37
int_000527,985b9ad3-79dc-4c6a-9159-27f4dda0e235,Jayden,poi_427_Phoon_Huat,Phoon Huat,search,1,2025-11-23 04:55:45,1.287619,103.850576,Marina Bay,3.7,0.22
int_000537,985b9ad3-79dc-4c6a-9159-27f4dda0e235,Jayden,poi_974_Alka,Alka,search,1,2025-11-23 05:07:45,1.282879,103.831197,Clarke Quay,3.48,0.22
int_000314,bc6799a8-00d1-4ab5-80bf-eeffc36ba029,Kai,poi_1203_Qtech,Qtech,search,1,2025-11-23 05:21:43,1.287515,103.837299,Orchard,3.2,0.77
int_000507,dc678a8d-37ff-4a54-9a6a-da7252d1b855,Elise,poi_1389_DRubinah__Punggol,DRubinah  Punggol,search,1,2025-11-23 15:52:45,1.404981,103.909935,Punggol,1.56,0.22
int_000258,79dfa2c9-fcaf-4ac0-9cf6-acdc3165f1db,Zara,poi_3462_Dominos,Dominos,visit,1,2025-11-23 16:34:42,1.414825,103.667354,Jurong East,9.64,0.28
int_000505,dc678a8d-37ff-4a54-9a6a-da7252d1b855,Elise,poi_1389_DRubinah__Punggol,DRubinah  Punggol,visit,1,2025-11-23 16:52:45,1.404981,103.909935,Punggol,1.56,0.22
int_000506,dc678a8d-37ff-4a54-9a6a-da7252d1b855,Elise,poi_1389_DRubinah__Punggol,DRubinah  Punggol,rating,4,2025-11-23 18:40:45,1.404981,103.909935,Punggol,1.56,0.22
int_000521,985b9ad3-79dc-4c6a-9159-27f4dda0e235,Jayden,poi_1387_Fat_Po,Fat Po,visit,1,2025-11-23 19:56:45,1.364596,103.87671,Sengkang,5.5,0.22
int_000128,6b60d5cf-63cc-4dc4-9bbe-74da03df19db,Sophia,poi_896_ANTA,ANTA,visit,1,2025-11-23 20:19:41,1.358261,103.903719,Hougang,5.26,0.22
int_000129,6b60d5cf-63cc-4dc4-9bbe-74da03df19db,Sophia,poi_896_ANTA,ANTA,rating,3,2025-11-23 20:41:41,1.358261,103.903719,Hougang,5.26,0.22
int_000536,985b9ad3-79dc-4c6a-9159-27f4dda0e235,Jayden,poi_974_Alka,Alka,visit,1,2025-11-24 00:07:45,1.282879,103.831197,Clarke Quay,3.48,0.22
int_000004,966592ed-5bfd-4113-9c4d-d93cd3637b40,Aiden,poi_1171_Mellvin_Coffee_Shop,Mellvin Coffee Shop,visit,1,2025-11-24 01:10:40,1.36102,103.876014,Serangoon,6.56,0.37
int_000005,966592ed-5bfd-4113-9c4d-d93cd3637b40,Aiden,poi_1171_Mellvin_Coffee_Shop,Mellvin Coffee Shop,rating,3,2025-11-24 02:58:40,1.36102,103.876014,Serangoon,6.56,0.37
int_000423,6c32074e-c671-44f7-951a-422b74159885,David,poi_5287_UOB,UOB,search,1,2025-11-24 20:06:44,1.361013,103.88004,Serangoon,1.43,0.28
int_000482,dc678a8d-37ff-4a54-9a6a-da7252d1b855,Elise,poi_1165_Fun_Toast,Fun Toast,visit,1,2025-11-24 21:27:45,1.367052,103.898757,Hougang,0.83,0.22
int_000483,dc678a8d-37ff-4a54-9a6a-da7252d1b855,Elise,poi_1165_Fun_Toast,Fun Toast,rating,3,2025-11-24 22:15:45,1.367052,103.898757,Hougang,0.83,0.22
int_000525,985b9ad3-79dc-4c6a-9159-27f4dda0e235,Jayden,poi_427_Phoon_Huat,Phoon Huat,visit,1,2025-11-24 22:55:45,1.287619,103.850576,Marina Bay,3.7,0.22
int_000526,985b9ad3-79dc-4c6a-9159-27f4dda0e235,Jayden,poi_427_Phoon_Huat,Phoon Huat,rating,3,2025-11-25 00:04:45,1.287619,103.850576,Marina Bay,3.7,0.22
int_000312,bc6799a8-00d1-4ab5-80bf-eeffc36ba029,Kai,poi_1203_Qtech,Qtech,visit,1,2025-11-25 01:21:43,1.287515,103.837299,Orchard,3.2,0.77
int_000313,bc6799a8-00d1-4ab5-80bf-eeffc36ba029,Kai,poi_1203_Qtech,Qtech,rating,3,2025-11-25 01:41:43,1.287515,103.837299,Orchard,3.2,0.77
int_000387,d9093d18-b959-4ff3-b69a-a1748460cb5e,Brian,poi_1586_State_Of_Mind,State Of Mind,visit,1,2025-11-25 14:44:44,1.431004,103.850391,Yishun,1.65,0.22
int_000388,d9093d18-b959-4ff3-b69a-a1748460cb5e,Brian,poi_1586_State_Of_Mind,State Of Mind,rating,3,2025-11-25 15:14:44,1.431004,103.850391,Yishun,1.65,0.22
int_000421,6c32074e-c671-44f7-951a-422b74159885,David,poi_5287_UOB,UOB,visit,1,2025-11-25 21:06:44,1.361013,103.88004,Serangoon,1.43,0.28
int_000422,6c32074e-c671-44f7-951a-422b74159885,David,poi_5287_UOB,UOB,rating,3,2025-11-25 22:43:44,1.361013,103.88004,Serangoon,1.43,0.28
int_000484,dc678a8d-37ff-4a54-9a6a-da7252d1b855,Elise,poi_1110_ToMo_Cafe,ToMo Cafe,visit,1,2025-11-26 20:35:45,1.365004,103.863813,Serangoon,3.5,0.22
int_000485,dc678a8d-37ff-4a54-9a6a-da7252d1b855,Elise,poi_1110_ToMo_Cafe,ToMo Cafe,rating,3,2025-11-26 21:36:45,1.365004,103.863813,Serangoon,3.5,0.22
int_000290,0fa06458-d7df-42c6-9de2-c32c36c16707,Liam,poi_1279_Starbucks,Starbucks,visit,1,2025-11-26 22:36:43,1.279658,103.863166,Marina Bay,1.39,0.37
int_000291,0fa06458-d7df-42c6-9de2-c32c36c16707,Liam,poi_1279_Starbucks,Starbucks,rating,4,2025-11-26 22:48:43,1.279658,103.863166,Marina Bay,1.39,0.37
int_000268,79dfa2c9-fcaf-4ac0-9cf6-acdc3165f1db,Zara,poi_3462_Dominos,Dominos,search,1,2025-11-27 08:43:42,1.423372,103.70318,Woodlands,8.48,0.28
int_000266,79dfa2c9-fcaf-4ac0-9cf6-acdc3165f1db,Zara,poi_3462_Dominos,Dominos,visit,1,2025-11-27 20:43:42,1.423372,103.70318,Woodlands,8.48,0.28
int_000495,dc678a8d-37ff-4a54-9a6a-da7252d1b855,Elise,poi_3807_Paris_Baguette,Paris Baguette,visit,1,2025-11-27 21:05:45,1.323455,103.740289,Jurong East,13.02,0.22
int_000457,da4ea5cf-d90f-4105-9a6e-f9f38252d01c,Noah,poi_1586_State_Of_Mind,State Of Mind,visit,1,2025-11-27 21:45:44,1.452171,103.956589,Punggol,13.66,0.51
int_000433,6c32074e-c671-44f7-951a-422b74159885,David,poi_5099_UOB,UOB,visit,1,2025-11-27 21:52:44,1.332525,103.87176,Toa Payoh,2.72,0.28
int_000496,dc678a8d-37ff-4a54-9a6a-da7252d1b855,Elise,poi_3807_Paris_Baguette,Paris Baguette,rating,2,2025-11-27 21:55:45,1.323455,103.740289,Jurong East,13.02,0.22
int_000434,6c32074e-c671-44f7-951a-422b74159885,David,poi_5099_UOB,UOB,rating,3,2025-11-27 22:03:44,1.332525,103.87176,Toa Payoh,2.72,0.28
int_000394,d9093d18-b959-4ff3-b69a-a1748460cb5e,Brian,poi_1591_Douly_Coffee,Douly Coffee,visit,1,2025-11-27 22:04:44,1.334851,103.727759,Jurong East,14.35,0.44
int_000458,da4ea5cf-d90f-4105-9a6e-f9f38252d01c,Noah,poi_1586_State_Of_Mind,State Of Mind,rating,3,2025-11-27 22:16:44,1.452171,103.956589,Punggol,13.66,0.51
int_000267,79dfa2c9-fcaf-4ac0-9cf6-acdc3165f1db,Zara,poi_3462_Dominos,Dominos,rating,3,2025-11-27 22:37:42,1.423372,103.70318,Woodlands,8.48,0.28
int_000053,91d45a60-1f23-45f2-a343-a51017f818d9,Lucas,poi_751_Elba,Elba,visit,1,2025-11-28 14:33:40,1.308835,103.846463,Orchard,4.86,0.56
int_000054,91d45a60-1f23-45f2-a343-a51017f818d9,Lucas,poi_751_Elba,Elba,rating,4,2025-11-28 16:07:40,1.308835,103.846463,Orchard,4.86,0.56
int_000137,6b60d5cf-63cc-4dc4-9bbe-74da03df19db,Sophia,poi_1295_Starbucks,Starbucks,visit,1,2025-11-28 20:16:41,1.226625,103.652648,Jurong East,15.88,0.22
int_000138,6b60d5cf-63cc-4dc4-9bbe-74da03df19db,Sophia,poi_1295_Starbucks,Starbucks,rating,2,2025-11-28 21:26:41,1.226625,103.652648,Jurong East,15.88,0.22
int_000494,dc678a8d-37ff-4a54-9a6a-da7252d1b855,Elise,poi_1135_The_Coffee_Bean_&_Tea_Leaf,The Coffee Bean & Tea Leaf,visit,1,2025-11-28 22:57:45,1.367629,103.943801,Tampines,12.85,0.67
int_000481,20fa62fd-59ef-4d4f-8cb4-9389b70ac389,Freya,poi_1000_MPH,MPH,search,1,2025-11-29 05:57:45,1.336108,103.861353,Toa Payoh,4.12,0.19
int_000077,4fbee9f0-804a-4e5d-834e-553670746410,Ethan,poi_1399_Kings_Kart_Coffee,Kings Kart Coffee,search,1,2025-11-29 15:48:41,1.453293,103.833195,Yishun,11.64,0.44
int_000459,da4ea5cf-d90f-4105-9a6e-f9f38252d01c,Noah,poi_1386_Knots_Cafe_and_Living,Knots Cafe and Living,visit,1,2025-11-29 19:03:44,1.356789,103.965036,Tampines,8.87,0.26
int_000075,4fbee9f0-804a-4e5d-834e-553670746410,Ethan,poi_1399_Kings_Kart_Coffee,Kings Kart Coffee,visit,1,2025-11-29 21:48:41,1.453293,103.833195,Yishun,11.64,0.44
int_000076,4fbee9f0-804a-4e5d-834e-553670746410,Ethan,poi_1399_Kings_Kart_Coffee,Kings Kart Coffee,rating,3,2025-11-29 22:58:41,1.453293,103.833195,Yishun,11.64,0.44
int_000348,bc6799a8-00d1-4ab5-80bf-eeffc36ba029,Kai,poi_1316_The_Coffee_Bean_&_Tea_Leaf,The Coffee Bean & Tea Leaf,visit,1,2025-11-30 01:39:43,1.3227,103.74062,Jurong East,13.33,0.51
int_000349,bc6799a8-00d1-4ab5-80bf-eeffc36ba029,Kai,poi_1316_The_Coffee_Bean_&_Tea_Leaf,The Coffee Bean & Tea Leaf,rating,3,2025-11-30 02:18:43,1.3227,103.74062,Jurong East,13.33,0.51
int_000039,6fea97cb-757c-47f2-9e34-3ccbb6714c80,Chloe,poi_1524_Keong_Saik_Bakery,Keong Saik Bakery,search,1,2025-11-30 14:46:40,1.331258,103.989454,Changi,14.18,0.44
int_000323,bc6799a8-00d1-4ab5-80bf-eeffc36ba029,Kai,poi_1291_Rochor_Original_Beancurd,Rochor Original Beancurd,visit,1,2025-11-30 15:55:43,1.420793,103.916482,Punggol,15.12,0.51
int_000324,bc6799a8-00d1-4ab5-80bf-eeffc36ba029,Kai,poi_1291_Rochor_Original_Beancurd,Rochor Original Beancurd,rating,3,2025-11-30 16:42:43,1.420793,103.916482,Punggol,15.12,0.51
int_000037,6fea97cb-757c-47f2-9e34-3ccbb6714c80,Chloe,poi_1524_Keong_Saik_Bakery,Keong Saik Bakery,visit,1,2025-11-30 16:46:40,1.331258,103.989454,Changi,14.18,0.44
int_000062,91d45a60-1f23-45f2-a343-a51017f818d9,Lucas,poi_1382_One_Man_Coffee,One Man Coffee,visit,1,2025-11-30 17:07:40,1.35168,103.848177,Ang Mo Kio,1.5,0.37
int_000063,91d45a60-1f23-45f2-a343-a51017f818d9,Lucas,poi_1382_One_Man_Coffee,One Man Coffee,rating,4,2025-11-30 18:19:40,1.35168,103.848177,Ang Mo Kio,1.5,0.37
int_000038,6fea97cb-757c-47f2-9e34-3ccbb6714c80,Chloe,poi_1524_Keong_Saik_Bakery,Keong Saik Bakery,rating,3,2025-11-30 18:20:40,1.331258,103.989454,Changi,14.18,0.44
int_000282,0fa06458-d7df-42c6-9de2-c32c36c16707,Liam,poi_3724_Top_1_Homemade_Noodle,Top 1 Homemade Noodle,visit,1,2025-11-30 18:46:43,1.366046,103.899139,Hougang,13.87,0.37
int_000283,0fa06458-d7df-42c6-9de2-c32c36c16707,Liam,poi_3724_Top_1_Homemade_Noodle,Top 1 Homemade Noodle,rating,3,2025-11-30 18:56:43,1.366046,103.899139,Hougang,13.87,0.37
int_000404,bdfc5ba3-1843-4148-aef4-5f25b90608d4,Sam,poi_3608_Pezzo,Pezzo,visit,1,2025-11-30 22:21:44,1.369796,103.979912,Changi,3.38,0.28
int_000040,6fea97cb-757c-47f2-9e34-3ccbb6714c80,Chloe,poi_1433_Banchong_Cafe,Banchong Cafe,visit,1,2025-12-01 01:21:40,1.364619,103.850538,Ang Mo Kio,6.02,0.22
int_000116,ed4d4ddf-8829-49c2-b540-b0c8aa36dfcf,Maya,poi_466_7-Eleven,7-Eleven,visit,1,2025-12-01 01:35:41,1.360449,103.891804,Hougang,4.33,0.22
int_000041,6fea97cb-757c-47f2-9e34-3ccbb6714c80,Chloe,poi_1433_Banchong_Cafe,Banchong Cafe,rating,3,2025-12-01 01:41:40,1.364619,103.850538,Ang Mo Kio,6.02,0.22
int_000479,20fa62fd-59ef-4d4f-8cb4-9389b70ac389,Freya,poi_1000_MPH,MPH,visit,1,2025-12-01 01:57:45,1.336108,103.861353,Toa Payoh,4.12,0.19
int_000480,20fa62fd-59ef-4d4f-8cb4-9389b70ac389,Freya,poi_1000_MPH,MPH,rating,3,2025-12-01 03:27:45,1.336108,103.861353,Toa Payoh,4.12,0.19
int_000472,20fa62fd-59ef-4d4f-8cb4-9389b70ac389,Freya,poi_865_Gucci,Gucci,visit,1,2025-12-01 18:21:45,1.288023,103.850622,Clarke Quay,2.36,0.56
int_000473,20fa62fd-59ef-4d4f-8cb4-9389b70ac389,Freya,poi_865_Gucci,Gucci,rating,3,2025-12-01 18:38:45,1.288023,103.850622,Clarke Quay,2.36,0.56
int_000287,0fa06458-d7df-42c6-9de2-c32c36c16707,Liam,poi_3165_Tanamera_Coffee,Tanamera Coffee,visit,1,2025-12-01 23:18:43,1.306334,103.845815,Bugis,2.47,0.37
int_000456,da4ea5cf-d90f-4105-9a6e-f9f38252d01c,Noah,poi_1063_The_Reading_Room,The Reading Room,search,1,2025-12-02 03:31:44,1.404293,103.873235,Sengkang,14.4,0.51
int_000036,6fea97cb-757c-47f2-9e34-3ccbb6714c80,Chloe,poi_1314_Starbucks,Starbucks,search,1,2025-12-02 12:08:40,1.326159,103.852102,Toa Payoh,0.6,0.22
int_000515,dc678a8d-37ff-4a54-9a6a-da7252d1b855,Elise,poi_1417_Coffee_Bean,Coffee Bean,search,1,2025-12-02 19:13:45,1.416602,103.689824,Jurong East,6.7,0.44
int_000514,dc678a8d-37ff-4a54-9a6a-da7252d1b855,Elise,poi_1417_Coffee_Bean,Coffee Bean,visit,1,2025-12-02 21:13:45,1.416602,103.689824,Jurong East,6.7,0.44
int_000293,0fa06458-d7df-42c6-9de2-c32c36c16707,Liam,poi_1163_Fresh_Fruits_Lab,Fresh Fruits Lab,search,1,2025-12-02 22:26:43,1.283293,103.871842,Marina Bay,5.74,0.37
int_000292,0fa06458-d7df-42c6-9de2-c32c36c16707,Liam,poi_1163_Fresh_Fruits_Lab,Fresh Fruits Lab,visit,1,2025-12-03 02:26:43,1.283293,103.871842,Marina Bay,5.74,0.37
int_000334,bc6799a8-00d1-4ab5-80bf-eeffc36ba029,Kai,poi_1349_Drink_Stall,Drink Stall,search,1,2025-12-03 10:04:43,1.331783,103.764017,Jurong East,3.68,0.51
int_000034,6fea97cb-757c-47f2-9e34-3ccbb6714c80,Chloe,poi_1314_Starbucks,Starbucks,visit,1,2025-12-03 12:08:40,1.326159,103.852102,Toa Payoh,0.6,0.22
int_000035,6fea97cb-757c-47f2-9e34-3ccbb6714c80,Chloe,poi_1314_Starbucks,Starbucks,rating,3,2025-12-03 13:51:40,1.326159,103.852102,Toa Payoh,0.6,0.22
int_000365,d9093d18-b959-4ff3-b69a-a1748460cb5e,Brian,poi_391_I-Tec_Supermart,I-Tec Supermart,search,1,2025-12-03 16:17:43,1.343767,103.749856,Jurong East,11.65,0.44
int_000157,13e7ba11-c5a9-4f73-86d2-0f2c058891c7,Maya,poi_4250_clubyoga,clubyoga,search,1,2025-12-03 16:41:41,1.374241,103.881934,Sengkang,10.39,0.24
int_000185,11069943-47a6-46e4-87ca-fa7d38142abc,Isla,poi_2024_Burp_Kitchen_&_Bar_(Bishan_Park),Burp Kitchen & Bar (Bishan Park),visit,1,2025-12-03 16:54:42,1.336421,103.94082,Bedok,12.09,0.48
int_000454,da4ea5cf-d90f-4105-9a6e-f9f38252d01c,Noah,poi_1063_The_Reading_Room,The Reading Room,visit,1,2025-12-03 19:31:44,1.404293,103.873235,Sengkang,14.4,0.51
int_000455,da4ea5cf-d90f-4105-9a6e-f9f38252d01c,Noah,poi_1063_The_Reading_Room,The Reading Room,rating,3,2025-12-03 19:58:44,1.404293,103.873235,Sengkang,14.4,0.51
int_000508,dc678a8d-37ff-4a54-9a6a-da7252d1b855,Elise,poi_1099_Starbucks,Starbucks,visit,1,2025-12-03 19:59:45,1.24192,103.943697,Bedok,11.12,0.22
int_000509,dc678a8d-37ff-4a54-9a6a-da7252d1b855,Elise,poi_1099_Starbucks,Starbucks,rating,2,2025-12-03 21:45:45,1.24192,103.943697,Bedok,11.12,0.22
int_000363,d9093d18-b959-4ff3-b69a-a1748460cb5e,Brian,poi_391_I-Tec_Supermart,I-Tec Supermart,visit,1,2025-12-03 22:17:43,1.343767,103.749856,Jurong East,11.65,0.44
int_000364,d9093d18-b959-4ff3-b69a-a1748460cb5e,Brian,poi_391_I-Tec_Supermart,I-Tec Supermart,rating,3,2025-12-03 23:08:43,1.343767,103.749856,Jurong East,11.65,0.44
int_000445,6c32074e-c671-44f7-951a-422b74159885,David,poi_465_retail_shop,retail shop,visit,1,2025-12-04 01:27:44,1.296742,103.847345,Bugis,2.07,0.28
int_000446,6c32074e-c671-44f7-951a-422b74159885,David,poi_465_retail_shop,retail shop,rating,3,2025-12-04 02:06:44,1.296742,103.847345,Bugis,2.07,0.28
int_000401,bdfc5ba3-1843-4148-aef4-5f25b90608d4,Sam,poi_3560_Carls_Jr.,Carls Jr.,visit,1,2025-12-04 16:52:44,1.308497,103.772341,Clementi,3.25,0.28
int_000332,bc6799a8-00d1-4ab5-80bf-eeffc36ba029,Kai,poi_1349_Drink_Stall,Drink Stall,visit,1,2025-12-04 21:04:43,1.331783,103.764017,Jurong East,3.68,0.51
int_000333,bc6799a8-00d1-4ab5-80bf-eeffc36ba029,Kai,poi_1349_Drink_Stall,Drink Stall,rating,4,2025-12-04 22:09:43,1.331783,103.764017,Jurong East,3.68,0.51
int_000236,84273d4e-1e2c-4baf-8f0d-7b4f2ef833d0,Noah,poi_4090_Advanced_Dental,Advanced Dental,visit,1,2025-12-05 02:12:42,1.409443,103.978317,Changi,5.2,0.26
int_000237,84273d4e-1e2c-4baf-8f0d-7b4f2ef833d0,Noah,poi_4090_Advanced_Dental,Advanced Dental,rating,2,2025-12-05 02:27:42,1.409443,103.978317,Changi,5.2,0.26
int_000155,13e7ba11-c5a9-4f73-86d2-0f2c058891c7,Maya,poi_4250_clubyoga,clubyoga,visit,1,2025-12-05 14:41:41,1.374241,103.881934,Sengkang,10.39,0.24
int_000102,ed4d4ddf-8829-49c2-b540-b0c8aa36dfcf,Maya,poi_1353_itea,itea,visit,1,2025-12-05 15:18:41,1.321595,103.855665,Toa Payoh,0.18,0.44
int_000156,13e7ba11-c5a9-4f73-86d2-0f2c058891c7,Maya,poi_4250_clubyoga,clubyoga,rating,2,2025-12-05 15:20:41,1.374241,103.881934,Sengkang,10.39,0.24
int_000103,ed4d4ddf-8829-49c2-b540-b0c8aa36dfcf,Maya,poi_1353_itea,itea,rating,4,2025-12-05 15:53:41,1.321595,103.855665,Toa Payoh,0.18,0.44
int_000462,da4ea5cf-d90f-4105-9a6e-f9f38252d01c,Noah,poi_1603_Starbucks,Starbucks,visit,1,2025-12-06 02:37:45,1.228287,103.843708,Sentosa,10.66,0.51
int_000115,ed4d4ddf-8829-49c2-b540-b0c8aa36dfcf,Maya,poi_1394_KOI_Th,KOI Th,visit,1,2025-12-06 16:39:41,1.358285,103.820136,Bishan,7.36,0.22
int_000519,985b9ad3-79dc-4c6a-9159-27f4dda0e235,Jayden,poi_1351_Starbucks,Starbucks,visit,1,2025-12-07 16:33:45,1.333819,103.925132,Bedok,4.17,0.22
int_000520,985b9ad3-79dc-4c6a-9159-27f4dda0e235,Jayden,poi_1351_Starbucks,Starbucks,rating,4,2025-12-07 16:44:45,1.333819,103.925132,Bedok,4.17,0.22
int_000046,91d45a60-1f23-45f2-a343-a51017f818d9,Lucas,poi_883_Dakshaini_Silks,Dakshaini Silks,visit,1,2025-12-08 02:22:40,1.3512,103.849429,Bishan,4.98,0.56
int_000047,91d45a60-1f23-45f2-a343-a51017f818d9,Lucas,poi_883_Dakshaini_Silks,Dakshaini Silks,rating,4,2025-12-08 02:55:40,1.3512,103.849429,Bishan,4.98,0.56
int_000126,6b60d5cf-63cc-4dc4-9bbe-74da03df19db,Sophia,poi_412_Octobox,Octobox,visit,1,2025-12-08 15:51:41,1.41188,103.652102,Jurong East,7.85,0.22
int_000127,6b60d5cf-63cc-4dc4-9bbe-74da03df19db,Sophia,poi_412_Octobox,Octobox,rating,3,2025-12-08 16:36:41,1.41188,103.652102,Jurong East,7.85,0.22
int_000376,d9093d18-b959-4ff3-b69a-a1748460cb5e,Brian,poi_821_Rod_Jrud,Rod Jrud,visit,1,2025-12-08 20:13:44,1.426907,103.834885,Yishun,14.25,0.22
int_000377,d9093d18-b959-4ff3-b69a-a1748460cb5e,Brian,poi_821_Rod_Jrud,Rod Jrud,rating,2,2025-12-08 21:02:44,1.426907,103.834885,Yishun,14.25,0.22
int_000125,6b60d5cf-63cc-4dc4-9bbe-74da03df19db,Sophia,poi_837_Haniffa,Haniffa,visit,1,2025-12-08 21:29:41,1.320708,103.837852,Orchard,2.24,0.22
int_000196,11069943-47a6-46e4-87ca-fa7d38142abc,Isla,poi_2434_Akbar_24_Hours_Restaurant,Akbar 24 Hours Restaurant,visit,1,2025-12-09 00:21:42,1.300388,103.868272,Clarke Quay,4.12,0.48
int_000197,11069943-47a6-46e4-87ca-fa7d38142abc,Isla,poi_2434_Akbar_24_Hours_Restaurant,Akbar 24 Hours Restaurant,rating,4,2025-12-09 01:44:42,1.300388,103.868272,Clarke Quay,4.12,0.48
int_000087,4fbee9f0-804a-4e5d-834e-553670746410,Ethan,poi_3826_Qinde_Egg_Tart_&_Pastries,Qinde Egg Tart & Pastries,search,1,2025-12-09 14:52:41,1.322695,103.928033,Bedok,8.11,0.22
int_000386,d9093d18-b959-4ff3-b69a-a1748460cb5e,Brian,poi_3836_Four_Leaves,Four Leaves,search,1,2025-12-09 20:12:44,1.292535,103.836647,Clarke Quay,2.44,0.22
int_000311,0fa06458-d7df-42c6-9de2-c32c36c16707,Liam,poi_1966_Fusion_Spoon,Fusion Spoon,search,1,2025-12-09 21:25:43,1.450348,103.603158,Jurong East,14.57,0.37
int_000003,966592ed-5bfd-4113-9c4d-d93cd3637b40,Aiden,poi_786_Harvey_Norman,Harvey Norman,visit,1,2025-12-10 00:08:40,1.282716,103.637335,Jurong East,13.06,0.56
int_000068,91d45a60-1f23-45f2-a343-a51017f818d9,Lucas,poi_1451_Starbucks,Starbucks,search,1,2025-12-10 07:12:40,1.365575,103.850003,Ang Mo Kio,8.02,0.37
int_000384,d9093d18-b959-4ff3-b69a-a1748460cb5e,Brian,poi_3836_Four_Leaves,Four Leaves,visit,1,2025-12-10 23:12:44,1.292535,103.836647,Clarke Quay,2.44,0.22
int_000385,d9093d18-b959-4ff3-b69a-a1748460cb5e,Brian,poi_3836_Four_Leaves,Four Leaves,rating,3,2025-12-10 23:42:44,1.292535,103.836647,Clarke Quay,2.44,0.22
int_000085,4fbee9f0-804a-4e5d-834e-553670746410,Ethan,poi_3826_Qinde_Egg_Tart_&_Pastries,Qinde Egg Tart & Pastries,visit,1,2025-12-11 13:52:41,1.322695,103.928033,Bedok,8.11,0.22
int_000086,4fbee9f0-804a-4e5d-834e-553670746410,Ethan,poi_3826_Qinde_Egg_Tart_&_Pastries,Qinde Egg Tart & Pastries,rating,2,2025-12-11 14:25:41,1.322695,103.928033,Bedok,8.11,0.22
int_000310,0fa06458-d7df-42c6-9de2-c32c36c16707,Liam,poi_1966_Fusion_Spoon,Fusion Spoon,visit,1,2025-12-11 20:25:43,1.450348,103.603158,Jurong East,14.57,0.37
int_000366,d9093d18-b959-4ff3-b69a-a1748460cb5e,Brian,poi_1371_Starbucks,Starbucks,visit,1,2025-12-11 20:40:44,1.44577,103.844698,Yishun,2.07,0.22
int_000254,79dfa2c9-fcaf-4ac0-9cf6-acdc3165f1db,Zara,poi_3495_Go_Tarboush,Go Tarboush,visit,1,2025-12-11 22:26:42,1.27635,103.854451,Marina Bay,2.87,0.28
int_000252,79dfa2c9-fcaf-4ac0-9cf6-acdc3165f1db,Zara,poi_3549_McDonalds,McDonalds,visit,1,2025-12-11 22:57:42,1.29775,103.848224,Orchard,3.24,0.28
int_000518,dc678a8d-37ff-4a54-9a6a-da7252d1b855,Elise,poi_1560_The_Jip_&_Lab,The Jip & Lab,visit,1,2025-12-11 23:01:45,1.313288,103.762851,Clementi,4.54,0.22
int_000255,79dfa2c9-fcaf-4ac0-9cf6-acdc3165f1db,Zara,poi_3495_Go_Tarboush,Go Tarboush,rating,3,2025-12-11 23:03:42,1.27635,103.854451,Marina Bay,2.87,0.28
int_000253,79dfa2c9-fcaf-4ac0-9cf6-acdc3165f1db,Zara,poi_3549_McDonalds,McDonalds,rating,3,2025-12-12 00:39:42,1.29775,103.848224,Orchard,3.24,0.28
int_000057,91d45a60-1f23-45f2-a343-a51017f818d9,Lucas,poi_1295_Starbucks,Starbucks,visit,1,2025-12-12 00:56:40,1.237446,103.760767,Sentosa,8.68,0.37
int_000066,91d45a60-1f23-45f2-a343-a51017f818d9,Lucas,poi_1451_Starbucks,Starbucks,visit,1,2025-12-12 01:12:40,1.365575,103.850003,Ang Mo Kio,8.02,0.37
int_000067,91d45a60-1f23-45f2-a343-a51017f818d9,Lucas,poi_1451_Starbucks,Starbucks,rating,3,2025-12-12 01:22:40,1.365575,103.850003,Ang Mo Kio,8.02,0.37
int_000058,91d45a60-1f23-45f2-a343-a51017f818d9,Lucas,poi_1295_Starbucks,Starbucks,rating,2,2025-12-12 02:34:40,1.237446,103.760767,Sentosa,8.68,0.37
int_000078,4fbee9f0-804a-4e5d-834e-553670746410,Ethan,poi_1233_Starbucks,Starbucks,visit,1,2025-12-12 02:51:41,1.318574,103.923793,Bedok,7.07,0.22
int_000079,4fbee9f0-804a-4e5d-834e-553670746410,Ethan,poi_1233_Starbucks,Starbucks,rating,4,2025-12-12 04:26:41,1.318574,103.923793,Bedok,7.07,0.22
int_000426,6c32074e-c671-44f7-951a-422b74159885,David,poi_5126_UOB,UOB,search,1,2025-12-12 21:08:44,1.370563,103.992448,Changi,4.03,0.28
int_000275,0fa06458-d7df-42c6-9de2-c32c36c16707,Liam,poi_3865_50_Taste_of_Tradition,50 Taste of Tradition,search,1,2025-12-12 21:57:42,1.278873,103.861746,Marina Bay,1.96,0.19
int_000563,e84b1e1f-de1f-4d49-85fc-28d7b0e8b86b,Bobby,poi_3218_Kopifellas_Cafe,Kopifellas Cafe,visit,1,2025-12-13 15:29:45,1.409874,103.914487,Punggol,5.49,0.26
int_000564,e84b1e1f-de1f-4d49-85fc-28d7b0e8b86b,Bobby,poi_3218_Kopifellas_Cafe,Kopifellas Cafe,rating,3,2025-12-13 17:19:45,1.409874,103.914487,Punggol,5.49,0.26
int_000091,ed4d4ddf-8829-49c2-b540-b0c8aa36dfcf,Maya,poi_541_Cheers,Cheers,visit,1,2025-12-13 21:46:41,1.324676,103.779082,Clementi,8.6,0.22
int_000218,84273d4e-1e2c-4baf-8f0d-7b4f2ef833d0,Noah,poi_4191_Anytime_Fitness,Anytime Fitness,visit,1,2025-12-13 22:34:42,1.437568,103.783464,Woodlands,7.98,1.0
int_000219,84273d4e-1e2c-4baf-8f0d-7b4f2ef833d0,Noah,poi_4191_Anytime_Fitness,Anytime Fitness,rating,3,2025-12-13 23:35:42,1.437568,103.783464,Woodlands,7.98,1.0
int_000424,6c32074e-c671-44f7-951a-422b74159885,David,poi_5126_UOB,UOB,visit,1,2025-12-14 02:08:44,1.370563,103.992448,Changi,4.03,0.28
int_000425,6c32074e-c671-44f7-951a-422b74159885,David,poi_5126_UOB,UOB,rating,3,2025-12-14 03:26:44,1.370563,103.992448,Changi,4.03,0.28
int_000250,79dfa2c9-fcaf-4ac0-9cf6-acdc3165f1db,Zara,poi_3541_PizzaArc,PizzaArc,visit,1,2025-12-14 17:12:42,1.33251,103.751562,Jurong East,1.96,0.28
int_000251,79dfa2c9-fcaf-4ac0-9cf6-acdc3165f1db,Zara,poi_3541_PizzaArc,PizzaArc,rating,3,2025-12-14 17:57:42,1.33251,103.751562,Jurong East,1.96,0.28
int_000274,0fa06458-d7df-42c6-9de2-c32c36c16707,Liam,poi_3865_50_Taste_of_Tradition,50 Taste of Tradition,visit,1,2025-12-14 19:57:42,1.278873,103.861746,Marina Bay,1.96,0.19
int_000309,0fa06458-d7df-42c6-9de2-c32c36c16707,Liam,poi_771_Mecha_Store,Mecha Store,search,1,2025-12-16 11:43:43,1.278439,103.851216,Marina Bay,0.52,0.56
int_000051,91d45a60-1f23-45f2-a343-a51017f818d9,Lucas,poi_1133_Hong_Kee_Roasted_Chicken/Duck_Rice,Hong Kee Roasted Chicken/Duck Rice,visit,1,2025-12-16 14:08:40,1.32785,103.867443,Toa Payoh,1.71,0.37
int_000052,91d45a60-1f23-45f2-a343-a51017f818d9,Lucas,poi_1133_Hong_Kee_Roasted_Chicken/Duck_Rice,Hong Kee Roasted Chicken/Duck Rice,rating,4,2025-12-16 15:54:40,1.32785,103.867443,Toa Payoh,1.71,0.37
int_000510,dc678a8d-37ff-4a54-9a6a-da7252d1b855,Elise,poi_1424_Chicha_San_Chen,Chicha San Chen,visit,1,2025-12-16 17:05:45,1.322127,103.738357,Jurong East,11.67,0.22
int_000055,91d45a60-1f23-45f2-a343-a51017f818d9,Lucas,poi_802_La_Belle_Couture,La Belle Couture,visit,1,2025-12-16 17:31:40,1.29928,103.86027,Orchard,3.02,0.56
int_000511,dc678a8d-37ff-4a54-9a6a-da7252d1b855,Elise,poi_1424_Chicha_San_Chen,Chicha San Chen,rating,2,2025-12-16 17:34:45,1.322127,103.738357,Jurong East,11.67,0.22
int_000056,91d45a60-1f23-45f2-a343-a51017f818d9,Lucas,poi_802_La_Belle_Couture,La Belle Couture,rating,4,2025-12-16 18:30:40,1.29928,103.86027,Orchard,3.02,0.56
int_000460,da4ea5cf-d90f-4105-9a6e-f9f38252d01c,Noah,poi_822_Tako_Aljunied,Tako Aljunied,visit,1,2025-12-17 01:34:44,1.30359,103.853413,Bugis,0.66,0.26
int_000461,da4ea5cf-d90f-4105-9a6e-f9f38252d01c,Noah,poi_822_Tako_Aljunied,Tako Aljunied,rating,3,2025-12-17 02:18:44,1.30359,103.853413,Bugis,0.66,0.26
int_000316,bc6799a8-00d1-4ab5-80bf-eeffc36ba029,Kai,poi_997_Popular,Popular,search,1,2025-12-17 11:10:43,1.370003,104.016562,Changi,8.23,0.51
int_000307,0fa06458-d7df-42c6-9de2-c32c36c16707,Liam,poi_771_Mecha_Store,Mecha Store,visit,1,2025-12-17 20:43:43,1.278439,103.851216,Marina Bay,0.52,0.56
int_000437,6c32074e-c671-44f7-951a-422b74159885,David,poi_420_Fook_Ann_Siang_Medicine_&_Trading_Co.,Fook Ann Siang Medicine & Trading Co.,visit,1,2025-12-17 21:25:44,1.352254,103.872798,Hougang,5.1,0.28
int_000308,0fa06458-d7df-42c6-9de2-c32c36c16707,Liam,poi_771_Mecha_Store,Mecha Store,rating,3,2025-12-17 21:47:43,1.278439,103.851216,Marina Bay,0.52,0.56
int_000438,6c32074e-c671-44f7-951a-422b74159885,David,poi_420_Fook_Ann_Siang_Medicine_&_Trading_Co.,Fook Ann Siang Medicine & Trading Co.,rating,3,2025-12-17 23:05:44,1.352254,103.872798,Hougang,5.1,0.28
int_000031,6fea97cb-757c-47f2-9e34-3ccbb6714c80,Chloe,poi_1136_Paris_Baguette,Paris Baguette,search,1,2025-12-18 06:31:40,1.27458,103.860849,Clarke Quay,2.25,0.22
int_000543,985b9ad3-79dc-4c6a-9159-27f4dda0e235,Jayden,poi_1150_Coffee_Culture,Coffee Culture,search,1,2025-12-18 08:26:45,1.330231,103.729596,Jurong East,7.56,0.67
int_000541,985b9ad3-79dc-4c6a-9159-27f4dda0e235,Jayden,poi_1150_Coffee_Culture,Coffee Culture,visit,1,2025-12-18 21:26:45,1.330231,103.729596,Jurong East,7.56,0.67
int_000542,985b9ad3-79dc-4c6a-9159-27f4dda0e235,Jayden,poi_1150_Coffee_Culture,Coffee Culture,rating,4,2025-12-18 22:49:45,1.330231,103.729596,Jurong East,7.56,0.67
int_000315,bc6799a8-00d1-4ab5-80bf-eeffc36ba029,Kai,poi_997_Popular,Popular,visit,1,2025-12-19 01:10:43,1.370003,104.016562,Changi,8.23,0.51
int_000029,6fea97cb-757c-47f2-9e34-3ccbb6714c80,Chloe,poi_1136_Paris_Baguette,Paris Baguette,visit,1,2025-12-19 18:31:40,1.27458,103.860849,Clarke Quay,2.25,0.22
int_000030,6fea97cb-757c-47f2-9e34-3ccbb6714c80,Chloe,poi_1136_Paris_Baguette,Paris Baguette,rating,2,2025-12-19 19:47:40,1.27458,103.860849,Clarke Quay,2.25,0.22
int_000191,11069943-47a6-46e4-87ca-fa7d38142abc,Isla,poi_1812_Jerrys_Barbeque_&_Grill,Jerrys Barbeque & Grill,search,1,2025-12-19 21:05:42,1.368867,103.88197,Hougang,10.5,0.48
int_000198,11069943-47a6-46e4-87ca-fa7d38142abc,Isla,poi_3024_Coffee_Lounge,Coffee Lounge,visit,1,2025-12-19 22:02:42,1.334896,103.85607,Toa Payoh,3.83,0.48
int_000335,bc6799a8-00d1-4ab5-80bf-eeffc36ba029,Kai,poi_1509_Tanamera_Coffee,Tanamera Coffee,visit,1,2025-12-19 23:31:43,1.285173,103.839211,Bugis,2.13,0.51
int_000336,bc6799a8-00d1-4ab5-80bf-eeffc36ba029,Kai,poi_1509_Tanamera_Coffee,Tanamera Coffee,rating,4,2025-12-20 00:03:43,1.285173,103.839211,Bugis,2.13,0.51
int_000210,84273d4e-1e2c-4baf-8f0d-7b4f2ef833d0,Noah,poi_4163_Fitness_factory,Fitness factory,visit,1,2025-12-20 14:17:42,1.344582,103.840717,Bishan,6.29,1.0
int_000211,84273d4e-1e2c-4baf-8f0d-7b4f2ef833d0,Noah,poi_4163_Fitness_factory,Fitness factory,rating,4,2025-12-20 15:51:42,1.344582,103.840717,Bishan,6.29,1.0
int_000194,11069943-47a6-46e4-87ca-fa7d38142abc,Isla,poi_1802_Noti_Restaurant_&_Bar,Noti Restaurant & Bar,visit,1,2025-12-20 16:30:42,1.348091,103.874805,Serangoon,8.01,0.48
int_000195,11069943-47a6-46e4-87ca-fa7d38142abc,Isla,poi_1802_Noti_Restaurant_&_Bar,Noti Restaurant & Bar,rating,3,2025-12-20 16:38:42,1.348091,103.874805,Serangoon,8.01,0.48
int_000561,e84b1e1f-de1f-4d49-85fc-28d7b0e8b86b,Bobby,poi_916_The_Closet_Lover,The Closet Lover,visit,1,2025-12-21 01:32:45,1.356965,103.845825,Bishan,11.05,0.26
int_000562,e84b1e1f-de1f-4d49-85fc-28d7b0e8b86b,Bobby,poi_916_The_Closet_Lover,The Closet Lover,rating,3,2025-12-21 01:37:45,1.356965,103.845825,Bishan,11.05,0.26
int_000450,da4ea5cf-d90f-4105-9a6e-f9f38252d01c,Noah,poi_1519_Ceres,Ceres,visit,1,2025-12-21 02:22:44,1.298784,103.83335,Orchard,2.15,0.51
int_000451,da4ea5cf-d90f-4105-9a6e-f9f38252d01c,Noah,poi_1519_Ceres,Ceres,rating,4,2025-12-21 02:53:44,1.298784,103.83335,Orchard,2.15,0.51
int_000325,bc6799a8-00d1-4ab5-80bf-eeffc36ba029,Kai,poi_1105_Starbucks,Starbucks,visit,1,2025-12-21 12:38:43,1.400909,103.664479,Jurong East,6.25,0.51
int_000326,bc6799a8-00d1-4ab5-80bf-eeffc36ba029,Kai,poi_1105_Starbucks,Starbucks,rating,3,2025-12-21 13:32:43,1.400909,103.664479,Jurong East,6.25,0.51
int_000471,20fa62fd-59ef-4d4f-8cb4-9389b70ac389,Freya,poi_1399_Kings_Kart_Coffee,Kings Kart Coffee,search,1,2025-12-21 18:42:45,1.443473,103.797141,Woodlands,11.89,0.37
int_000476,20fa62fd-59ef-4d4f-8cb4-9389b70ac389,Freya,poi_786_Harvey_Norman,Harvey Norman,visit,1,2025-12-21 19:09:45,1.321727,103.757698,Clementi,2.16,0.56
int_000189,11069943-47a6-46e4-87ca-fa7d38142abc,Isla,poi_1812_Jerrys_Barbeque_&_Grill,Jerrys Barbeque & Grill,visit,1,2025-12-21 20:05:42,1.368867,103.88197,Hougang,10.5,0.48
int_000190,11069943-47a6-46e4-87ca-fa7d38142abc,Isla,poi_1812_Jerrys_Barbeque_&_Grill,Jerrys Barbeque & Grill,rating,3,2025-12-21 20:12:42,1.368867,103.88197,Hougang,10.5,0.48
int_000469,20fa62fd-59ef-4d4f-8cb4-9389b70ac389,Freya,poi_1399_Kings_Kart_Coffee,Kings Kart Coffee,visit,1,2025-12-21 23:42:45,1.443473,103.797141,Woodlands,11.89,0.37
int_000470,20fa62fd-59ef-4d4f-8cb4-9389b70ac389,Freya,poi_1399_Kings_Kart_Coffee,Kings Kart Coffee,rating,3,2025-12-22 01:42:45,1.443473,103.797141,Woodlands,11.89,0.37
int_000094,ed4d4ddf-8829-49c2-b540-b0c8aa36dfcf,Maya,poi_527_Shell_Select,Shell Select,search,1,2025-12-22 10:36:41,1.420908,103.921445,Punggol,2.47,0.22
int_000547,985b9ad3-79dc-4c6a-9159-27f4dda0e235,Jayden,poi_1382_One_Man_Coffee,One Man Coffee,visit,1,2025-12-22 19:16:45,1.425775,103.795106,Woodlands,9.26,0.44
int_000548,985b9ad3-79dc-4c6a-9159-27f4dda0e235,Jayden,poi_1382_One_Man_Coffee,One Man Coffee,rating,3,2025-12-22 21:10:45,1.425775,103.795106,Woodlands,9.26,0.44
int_000371,d9093d18-b959-4ff3-b69a-a1748460cb5e,Brian,poi_1164_Unicorn_Kampung_1200,Unicorn Kampung 1200,visit,1,2025-12-22 23:06:44,1.361459,103.884607,Hougang,5.25,0.22
int_000092,ed4d4ddf-8829-49c2-b540-b0c8aa36dfcf,Maya,poi_527_Shell_Select,Shell Select,visit,1,2025-12-22 23:36:41,1.420908,103.921445,Punggol,2.47,0.22
int_000016,6fea97cb-757c-47f2-9e34-3ccbb6714c80,Chloe,poi_1231_Chin_Mee_Chin_Confectionery,Chin Mee Chin Confectionery,search,1,2025-12-23 00:01:40,1.304695,103.923511,Bedok,1.85,0.22
int_000093,ed4d4ddf-8829-49c2-b540-b0c8aa36dfcf,Maya,poi_527_Shell_Select,Shell Select,rating,3,2025-12-23 00:02:41,1.420908,103.921445,Punggol,2.47,0.22
int_000372,d9093d18-b959-4ff3-b69a-a1748460cb5e,Brian,poi_1164_Unicorn_Kampung_1200,Unicorn Kampung 1200,rating,4,2025-12-23 00:51:44,1.361459,103.884607,Hougang,5.25,0.22
int_000305,0fa06458-d7df-42c6-9de2-c32c36c16707,Liam,poi_2525_Nandos,Nandos,visit,1,2025-12-23 02:48:43,1.275887,103.846532,Clarke Quay,4.13,0.37
int_000306,0fa06458-d7df-42c6-9de2-c32c36c16707,Liam,poi_2525_Nandos,Nandos,rating,3,2025-12-23 04:20:43,1.275887,103.846532,Clarke Quay,4.13,0.37
int_000163,af0e718d-4cca-4308-a72e-221b3f2fbe9e,Kai,poi_1432_The_Lwef_Shack,The Lwef Shack,search,1,2025-12-23 07:06:41,1.445089,103.836619,Yishun,5.34,0.56
int_000215,84273d4e-1e2c-4baf-8f0d-7b4f2ef833d0,Noah,poi_4043_Dental_Surgery,Dental Surgery,visit,1,2025-12-23 13:32:42,1.38676,103.887191,Sengkang,7.95,0.26
int_000161,af0e718d-4cca-4308-a72e-221b3f2fbe9e,Kai,poi_1432_The_Lwef_Shack,The Lwef Shack,visit,1,2025-12-23 15:06:41,1.445089,103.836619,Yishun,5.34,0.56
int_000014,6fea97cb-757c-47f2-9e34-3ccbb6714c80,Chloe,poi_1231_Chin_Mee_Chin_Confectionery,Chin Mee Chin Confectionery,visit,1,2025-12-23 16:01:40,1.304695,103.923511,Bedok,1.85,0.22
int_000162,af0e718d-4cca-4308-a72e-221b3f2fbe9e,Kai,poi_1432_The_Lwef_Shack,The Lwef Shack,rating,4,2025-12-23 16:50:41,1.445089,103.836619,Yishun,5.34,0.56
int_000015,6fea97cb-757c-47f2-9e34-3ccbb6714c80,Chloe,poi_1231_Chin_Mee_Chin_Confectionery,Chin Mee Chin Confectionery,rating,3,2025-12-23 16:57:40,1.304695,103.923511,Bedok,1.85,0.22
int_000397,bdfc5ba3-1843-4148-aef4-5f25b90608d4,Sam,poi_3572_Popeyes,Popeyes,visit,1,2025-12-23 19:41:44,1.369088,103.843868,Ang Mo Kio,5.34,0.28
int_000398,bdfc5ba3-1843-4148-aef4-5f25b90608d4,Sam,poi_3572_Popeyes,Popeyes,rating,3,2025-12-23 20:13:44,1.369088,103.843868,Ang Mo Kio,5.34,0.28
int_000192,11069943-47a6-46e4-87ca-fa7d38142abc,Isla,poi_1081_The_New_Harbor_Cafe_And_Bar,The New Harbor Cafe And Bar,visit,1,2025-12-24 00:35:42,1.30568,103.845389,Orchard,3.1,0.48
int_000193,11069943-47a6-46e4-87ca-fa7d38142abc,Isla,poi_1081_The_New_Harbor_Cafe_And_Bar,The New Harbor Cafe And Bar,rating,4,2025-12-24 02:08:42,1.30568,103.845389,Orchard,3.1,0.48
int_000463,da4ea5cf-d90f-4105-9a6e-f9f38252d01c,Noah,poi_1427_Cafe_134,Cafe 134,visit,1,2025-12-24 18:49:45,1.258927,103.660764,Jurong East,12.48,0.51
int_000464,da4ea5cf-d90f-4105-9a6e-f9f38252d01c,Noah,poi_1427_Cafe_134,Cafe 134,rating,3,2025-12-24 20:12:45,1.258927,103.660764,Jurong East,12.48,0.51
int_000488,dc678a8d-37ff-4a54-9a6a-da7252d1b855,Elise,poi_1205_280_Cafe,280 Cafe,visit,1,2025-12-24 21:37:45,1.460474,103.777748,Woodlands,1.93,0.22
int_000367,d9093d18-b959-4ff3-b69a-a1748460cb5e,Brian,poi_1041_Coffee_Shop_-_Chicken_Rice,Coffee Shop - Chicken Rice,visit,1,2025-12-24 21:45:44,1.457766,103.918228,Punggol,12.21,0.44
int_000368,d9093d18-b959-4ff3-b69a-a1748460cb5e,Brian,poi_1041_Coffee_Shop_-_Chicken_Rice,Coffee Shop - Chicken Rice,rating,3,2025-12-24 21:53:44,1.457766,103.918228,Punggol,12.21,0.44
int_000439,6c32074e-c671-44f7-951a-422b74159885,David,poi_4720_Tree_in_Lodge,Tree in Lodge,visit,1,2025-12-24 23:00:44,1.329638,103.984102,Tampines,14.29,0.28
int_000489,dc678a8d-37ff-4a54-9a6a-da7252d1b855,Elise,poi_1205_280_Cafe,280 Cafe,rating,3,2025-12-24 23:31:45,1.460474,103.777748,Woodlands,1.93,0.22
int_000440,6c32074e-c671-44f7-951a-422b74159885,David,poi_4720_Tree_in_Lodge,Tree in Lodge,rating,3,2025-12-25 00:28:44,1.329638,103.984102,Tampines,14.29,0.28
int_000183,11069943-47a6-46e4-87ca-fa7d38142abc,Isla,poi_3966_Hyperbaric_Medical_Services,Hyperbaric Medical Services,visit,1,2025-12-25 17:44:42,1.271515,103.87151,Marina Bay,6.76,0.48
int_000184,11069943-47a6-46e4-87ca-fa7d38142abc,Isla,poi_3966_Hyperbaric_Medical_Services,Hyperbaric Medical Services,rating,3,2025-12-25 18:48:42,1.271515,103.87151,Marina Bay,6.76,0.48
int_000100,ed4d4ddf-8829-49c2-b540-b0c8aa36dfcf,Maya,poi_999_Pacific_Bookstores,Pacific Bookstores,visit,1,2025-12-25 19:31:41,1.258079,103.806843,Sentosa,5.57,0.44
int_000111,ed4d4ddf-8829-49c2-b540-b0c8aa36dfcf,Maya,poi_1597_Letoile,Letoile,visit,1,2025-12-25 19:48:41,1.36619,103.864717,Serangoon,5.88,0.22
int_000101,ed4d4ddf-8829-49c2-b540-b0c8aa36dfcf,Maya,poi_999_Pacific_Bookstores,Pacific Bookstores,rating,3,2025-12-25 21:12:41,1.258079,103.806843,Sentosa,5.57,0.44
int_000112,ed4d4ddf-8829-49c2-b540-b0c8aa36dfcf,Maya,poi_1597_Letoile,Letoile,rating,3,2025-12-25 21:20:41,1.36619,103.864717,Serangoon,5.88,0.22
int_000180,11069943-47a6-46e4-87ca-fa7d38142abc,Isla,poi_1548_Monday_Coffee_Bar,Monday Coffee Bar,search,1,2025-12-26 16:59:42,1.352278,103.850999,Bishan,10.25,0.48
int_000216,84273d4e-1e2c-4baf-8f0d-7b4f2ef833d0,Noah,poi_4186_Gyn_n_Tonic,Gyn n Tonic,visit,1,2025-12-26 18:28:42,1.328298,103.859661,Toa Payoh,4.44,0.77
int_000217,84273d4e-1e2c-4baf-8f0d-7b4f2ef833d0,Noah,poi_4186_Gyn_n_Tonic,Gyn n Tonic,rating,4,2025-12-26 18:53:42,1.328298,103.859661,Toa Payoh,4.44,0.77
int_000257,79dfa2c9-fcaf-4ac0-9cf6-acdc3165f1db,Zara,poi_3502_McDonalds,McDonalds,search,1,2025-12-26 20:14:42,1.42643,103.844954,Yishun,6.75,0.28
int_000487,dc678a8d-37ff-4a54-9a6a-da7252d1b855,Elise,poi_1371_Starbucks,Starbucks,search,1,2025-12-27 04:23:45,1.428381,103.794011,Woodlands,4.64,0.22
int_000273,0fa06458-d7df-42c6-9de2-c32c36c16707,Liam,poi_2995_Ta_lu_prawn_noodle,Ta lu prawn noodle,search,1,2025-12-27 07:20:42,1.340188,103.872271,Toa Payoh,6.83,0.37
int_000139,6b60d5cf-63cc-4dc4-9bbe-74da03df19db,Sophia,poi_827_Time_After_Time,Time After Time,visit,1,2025-12-27 13:40:41,1.323438,103.934998,Bedok,8.83,0.22
int_000140,6b60d5cf-63cc-4dc4-9bbe-74da03df19db,Sophia,poi_827_Time_After_Time,Time After Time,rating,3,2025-12-27 14:05:41,1.323438,103.934998,Bedok,8.83,0.22
int_000008,966592ed-5bfd-4113-9c4d-d93cd3637b40,Aiden,poi_468_Mini_Mart_SM_Tresha,Mini Mart SM Tresha,visit,1,2025-12-27 17:27:40,1.268733,103.871574,Marina Bay,7.16,0.19
int_000009,966592ed-5bfd-4113-9c4d-d93cd3637b40,Aiden,poi_468_Mini_Mart_SM_Tresha,Mini Mart SM Tresha,rating,3,2025-12-27 18:38:40,1.268733,103.871574,Marina Bay,7.16,0.19
int_000178,11069943-47a6-46e4-87ca-fa7d38142abc,Isla,poi_1548_Monday_Coffee_Bar,Monday Coffee Bar,visit,1,2025-12-28 00:59:42,1.352278,103.850999,Bishan,10.25,0.48
int_000256,79dfa2c9-fcaf-4ac0-9cf6-acdc3165f1db,Zara,poi_3502_McDonalds,McDonalds,visit,1,2025-12-28 01:14:42,1.42643,103.844954,Yishun,6.75,0.28
int_000179,11069943-47a6-46e4-87ca-fa7d38142abc,Isla,poi_1548_Monday_Coffee_Bar,Monday Coffee Bar,rating,3,2025-12-28 01:38:42,1.352278,103.850999,Bishan,10.25,0.48
int_000486,dc678a8d-37ff-4a54-9a6a-da7252d1b855,Elise,poi_1371_Starbucks,Starbucks,visit,1,2025-12-28 12:23:45,1.428381,103.794011,Woodlands,4.64,0.22
int_000271,0fa06458-d7df-42c6-9de2-c32c36c16707,Liam,poi_2995_Ta_lu_prawn_noodle,Ta lu prawn noodle,visit,1,2025-12-28 13:20:42,1.340188,103.872271,Toa Payoh,6.83,0.37
int_000272,0fa06458-d7df-42c6-9de2-c32c36c16707,Liam,poi_2995_Ta_lu_prawn_noodle,Ta lu prawn noodle,rating,2,2025-12-28 14:01:42,1.340188,103.872271,Toa Payoh,6.83,0.37
int_000300,0fa06458-d7df-42c6-9de2-c32c36c16707,Liam,poi_1426_Oatberry_Cafe,Oatberry Cafe,search,1,2025-12-29 05:24:43,1.335839,103.88784,Hougang,6.96,0.37
int_000419,6c32074e-c671-44f7-951a-422b74159885,David,poi_4151_Guardian,Guardian,visit,1,2025-12-30 00:14:44,1.280873,103.867985,Marina Bay,3.87,0.28
int_000420,6c32074e-c671-44f7-951a-422b74159885,David,poi_4151_Guardian,Guardian,rating,2,2025-12-30 02:03:44,1.280873,103.867985,Marina Bay,3.87,0.28
int_000298,0fa06458-d7df-42c6-9de2-c32c36c16707,Liam,poi_1426_Oatberry_Cafe,Oatberry Cafe,visit,1,2025-12-30 18:24:43,1.335839,103.88784,Hougang,6.96,0.37
int_000299,0fa06458-d7df-42c6-9de2-c32c36c16707,Liam,poi_1426_Oatberry_Cafe,Oatberry Cafe,rating,3,2025-12-30 18:47:43,1.335839,103.88784,Hougang,6.96,0.37
int_000391,d9093d18-b959-4ff3-b69a-a1748460cb5e,Brian,poi_1068_JC_Coffee_Houzz,JC Coffee Houzz,search,1,2025-12-31 01:14:44,1.314274,103.846452,Bugis,5.96,0.44
int_000532,985b9ad3-79dc-4c6a-9159-27f4dda0e235,Jayden,poi_1253_The_Coffee_Bean_&_Tea_Leaf,The Coffee Bean & Tea Leaf,search,1,2025-12-31 13:16:45,1.311501,103.756881,Clementi,8.31,0.67
int_000389,d9093d18-b959-4ff3-b69a-a1748460cb5e,Brian,poi_1068_JC_Coffee_Houzz,JC Coffee Houzz,visit,1,2025-12-31 18:14:44,1.314274,103.846452,Bugis,5.96,0.44
int_000390,d9093d18-b959-4ff3-b69a-a1748460cb5e,Brian,poi_1068_JC_Coffee_Houzz,JC Coffee Houzz,rating,3,2025-12-31 18:46:44,1.314274,103.846452,Bugis,5.96,0.44
int_000530,985b9ad3-79dc-4c6a-9159-27f4dda0e235,Jayden,poi_1253_The_Coffee_Bean_&_Tea_Leaf,The Coffee Bean & Tea Leaf,visit,1,2026-01-01 14:16:45,1.311501,103.756881,Clementi,8.31,0.67
int_000531,985b9ad3-79dc-4c6a-9159-27f4dda0e235,Jayden,poi_1253_The_Coffee_Bean_&_Tea_Leaf,The Coffee Bean & Tea Leaf,rating,4,2026-01-01 14:45:45,1.311501,103.756881,Clementi,8.31,0.67
int_000171,af0e718d-4cca-4308-a72e-221b3f2fbe9e,Kai,poi_884_Dhawals,Dhawals,visit,1,2026-01-01 20:29:42,1.281903,103.847681,Clarke Quay,2.79,0.56
int_000172,af0e718d-4cca-4308-a72e-221b3f2fbe9e,Kai,poi_884_Dhawals,Dhawals,rating,4,2026-01-01 22:01:42,1.281903,103.847681,Clarke Quay,2.79,0.56
int_000061,91d45a60-1f23-45f2-a343-a51017f818d9,Lucas,poi_1201_Highlander_Coffee,Highlander Coffee,search,1,2026-01-02 13:46:40,1.255719,103.905455,Marina Bay,8.06,0.37
int_000151,13e7ba11-c5a9-4f73-86d2-0f2c058891c7,Maya,poi_109_Warehouse_Club,Warehouse Club,visit,1,2026-01-03 02:34:41,1.268364,103.642033,Jurong East,7.71,0.24
int_000050,91d45a60-1f23-45f2-a343-a51017f818d9,Lucas,poi_502_7-Eleven,7-Eleven,search,1,2026-01-03 02:36:40,1.32865,103.853255,Toa Payoh,3.31,0.19
int_000152,13e7ba11-c5a9-4f73-86d2-0f2c058891c7,Maya,poi_109_Warehouse_Club,Warehouse Club,rating,3,2026-01-03 02:42:41,1.268364,103.642033,Jurong East,7.71,0.24
int_000021,6fea97cb-757c-47f2-9e34-3ccbb6714c80,Chloe,poi_1590_The_Coffee_Bean_&_Tea_Leaf,The Coffee Bean & Tea Leaf,search,1,2026-01-03 03:54:40,1.360527,103.999459,Changi,5.05,0.67
int_000233,84273d4e-1e2c-4baf-8f0d-7b4f2ef833d0,Noah,poi_4171_F45,F45,visit,1,2026-01-03 12:04:42,1.378906,103.981883,Changi,9.86,0.77
int_000234,84273d4e-1e2c-4baf-8f0d-7b4f2ef833d0,Noah,poi_4171_F45,F45,rating,4,2026-01-03 12:15:42,1.378906,103.981883,Changi,9.86,0.77
int_000123,6b60d5cf-63cc-4dc4-9bbe-74da03df19db,Sophia,poi_1382_One_Man_Coffee,One Man Coffee,visit,1,2026-01-03 20:09:41,1.363572,103.83899,Ang Mo Kio,1.31,0.44
int_000124,6b60d5cf-63cc-4dc4-9bbe-74da03df19db,Sophia,poi_1382_One_Man_Coffee,One Man Coffee,rating,4,2026-01-03 20:32:41,1.363572,103.83899,Ang Mo Kio,1.31,0.44
int_000059,91d45a60-1f23-45f2-a343-a51017f818d9,Lucas,poi_1201_Highlander_Coffee,Highlander Coffee,visit,1,2026-01-03 22:46:40,1.255719,103.905455,Marina Bay,8.06,0.37
int_000060,91d45a60-1f23-45f2-a343-a51017f818d9,Lucas,poi_1201_Highlander_Coffee,Highlander Coffee,rating,2,2026-01-03 23:35:40,1.255719,103.905455,Marina Bay,8.06,0.37
int_000019,6fea97cb-757c-47f2-9e34-3ccbb6714c80,Chloe,poi_1590_The_Coffee_Bean_&_Tea_Leaf,The Coffee Bean & Tea Leaf,visit,1,2026-01-03 23:54:40,1.360527,103.999459,Changi,5.05,0.67
int_000020,6fea97cb-757c-47f2-9e34-3ccbb6714c80,Chloe,poi_1590_The_Coffee_Bean_&_Tea_Leaf,The Coffee Bean & Tea Leaf,rating,4,2026-01-04 00:39:40,1.360527,103.999459,Changi,5.05,0.67
int_000133,6b60d5cf-63cc-4dc4-9bbe-74da03df19db,Sophia,poi_1323_Dimbulah_Mountain_Estate_Coffee,Dimbulah Mountain Estate Coffee,search,1,2026-01-04 13:50:41,1.382699,103.832732,Ang Mo Kio,10.05,0.44
int_000048,91d45a60-1f23-45f2-a343-a51017f818d9,Lucas,poi_502_7-Eleven,7-Eleven,visit,1,2026-01-04 19:36:40,1.32865,103.853255,Toa Payoh,3.31,0.19
int_000049,91d45a60-1f23-45f2-a343-a51017f818d9,Lucas,poi_502_7-Eleven,7-Eleven,rating,3,2026-01-04 20:08:40,1.32865,103.853255,Toa Payoh,3.31,0.19
int_000131,6b60d5cf-63cc-4dc4-9bbe-74da03df19db,Sophia,poi_1323_Dimbulah_Mountain_Estate_Coffee,Dimbulah Mountain Estate Coffee,visit,1,2026-01-04 20:50:41,1.382699,103.832732,Ang Mo Kio,10.05,0.44
int_000132,6b60d5cf-63cc-4dc4-9bbe-74da03df19db,Sophia,poi_1323_Dimbulah_Mountain_Estate_Coffee,Dimbulah Mountain Estate Coffee,rating,3,2026-01-04 22:07:41,1.382699,103.832732,Ang Mo Kio,10.05,0.44
int_000238,84273d4e-1e2c-4baf-8f0d-7b4f2ef833d0,Noah,poi_4085_Faith_Dental_Surgery,Faith Dental Surgery,visit,1,2026-01-05 00:52:42,1.40218,103.933871,Punggol,7.71,0.26
int_000239,84273d4e-1e2c-4baf-8f0d-7b4f2ef833d0,Noah,poi_4085_Faith_Dental_Surgery,Faith Dental Surgery,rating,3,2026-01-05 01:03:42,1.40218,103.933871,Punggol,7.71,0.26
int_000379,d9093d18-b959-4ff3-b69a-a1748460cb5e,Brian,poi_1008_Evernew_Book_Store,Evernew Book Store,search,1,2026-01-05 12:39:44,1.311796,103.75332,Clementi,4.26,0.44
int_000378,d9093d18-b959-4ff3-b69a-a1748460cb5e,Brian,poi_1008_Evernew_Book_Store,Evernew Book Store,visit,1,2026-01-05 16:39:44,1.311796,103.75332,Clementi,4.26,0.44
int_000107,ed4d4ddf-8829-49c2-b540-b0c8aa36dfcf,Maya,poi_1015_Metro,Metro,search,1,2026-01-06 06:09:41,1.303125,103.851353,Orchard,1.71,0.44
int_000188,11069943-47a6-46e4-87ca-fa7d38142abc,Isla,poi_2973_Lumo_Bar_&_Restaurant,Lumo Bar & Restaurant,search,1,2026-01-06 15:14:42,1.342539,103.859251,Toa Payoh,6.23,0.48
int_000084,4fbee9f0-804a-4e5d-834e-553670746410,Ethan,poi_1603_Starbucks,Starbucks,visit,1,2026-01-06 15:46:41,1.352543,103.974925,Tampines,9.58,0.22
int_000105,ed4d4ddf-8829-49c2-b540-b0c8aa36dfcf,Maya,poi_1015_Metro,Metro,visit,1,2026-01-06 18:09:41,1.303125,103.851353,Orchard,1.71,0.44
int_000106,ed4d4ddf-8829-49c2-b540-b0c8aa36dfcf,Maya,poi_1015_Metro,Metro,rating,4,2026-01-06 18:17:41,1.303125,103.851353,Orchard,1.71,0.44
int_000176,af0e718d-4cca-4308-a72e-221b3f2fbe9e,Kai,poi_1072_Starbucks,Starbucks,search,1,2026-01-06 21:22:42,1.337228,103.753713,Jurong East,5.17,0.56
int_000359,d9093d18-b959-4ff3-b69a-a1748460cb5e,Brian,poi_490_Aruna_Minimart,Aruna Minimart,visit,1,2026-01-07 17:03:43,1.435157,103.819627,Yishun,14.99,0.44
int_000360,d9093d18-b959-4ff3-b69a-a1748460cb5e,Brian,poi_490_Aruna_Minimart,Aruna Minimart,rating,3,2026-01-07 18:04:43,1.435157,103.819627,Yishun,14.99,0.44
int_000186,11069943-47a6-46e4-87ca-fa7d38142abc,Isla,poi_2973_Lumo_Bar_&_Restaurant,Lumo Bar & Restaurant,visit,1,2026-01-07 22:14:42,1.342539,103.859251,Toa Payoh,6.23,0.48
int_000187,11069943-47a6-46e4-87ca-fa7d38142abc,Isla,poi_2973_Lumo_Bar_&_Restaurant,Lumo Bar & Restaurant,rating,3,2026-01-07 23:24:42,1.342539,103.859251,Toa Payoh,6.23,0.48
int_000444,6c32074e-c671-44f7-951a-422b74159885,David,poi_5302_UOB,UOB,search,1,2026-01-08 14:52:44,1.332091,103.935942,Bedok,8.64,0.28
int_000560,e84b1e1f-de1f-4d49-85fc-28d7b0e8b86b,Bobby,poi_944_Autium_Jewellery,Autium Jewellery,search,1,2026-01-08 20:57:45,1.288751,103.856735,Clarke Quay,3.05,0.26
int_000449,da4ea5cf-d90f-4105-9a6e-f9f38252d01c,Noah,poi_807_Lyznco,Lyznco,search,1,2026-01-08 21:16:44,1.307006,103.992759,Tampines,10.53,0.26
int_000174,af0e718d-4cca-4308-a72e-221b3f2fbe9e,Kai,poi_1072_Starbucks,Starbucks,visit,1,2026-01-08 21:22:42,1.337228,103.753713,Jurong East,5.17,0.56
int_000175,af0e718d-4cca-4308-a72e-221b3f2fbe9e,Kai,poi_1072_Starbucks,Starbucks,rating,3,2026-01-08 22:34:42,1.337228,103.753713,Jurong East,5.17,0.56
int_000443,6c32074e-c671-44f7-951a-422b74159885,David,poi_5302_UOB,UOB,visit,1,2026-01-09 00:52:44,1.332091,103.935942,Bedok,8.64,0.28
int_000288,0fa06458-d7df-42c6-9de2-c32c36c16707,Liam,poi_2767_Royal_Thai,Royal Thai,visit,1,2026-01-09 01:13:43,1.324297,103.733493,Jurong East,5.24,0.37
int_000289,0fa06458-d7df-42c6-9de2-c32c36c16707,Liam,poi_2767_Royal_Thai,Royal Thai,rating,3,2026-01-09 01:31:43,1.324297,103.733493,Jurong East,5.24,0.37
int_000083,4fbee9f0-804a-4e5d-834e-553670746410,Ethan,poi_1213_Bakery_House_Cafe,Bakery House Cafe,visit,1,2026-01-09 20:55:41,1.437942,103.837588,Yishun,9.46,0.44
int_000447,da4ea5cf-d90f-4105-9a6e-f9f38252d01c,Noah,poi_807_Lyznco,Lyznco,visit,1,2026-01-10 02:16:44,1.307006,103.992759,Tampines,10.53,0.26
int_000410,6c32074e-c671-44f7-951a-422b74159885,David,poi_5057_UOB,UOB,visit,1,2026-01-10 02:24:44,1.283273,103.602847,Jurong East,14.37,0.28
int_000411,6c32074e-c671-44f7-951a-422b74159885,David,poi_5057_UOB,UOB,rating,3,2026-01-10 02:37:44,1.283273,103.602847,Jurong East,14.37,0.28
int_000380,d9093d18-b959-4ff3-b69a-a1748460cb5e,Brian,poi_1371_Starbucks,Starbucks,visit,1,2026-01-10 02:46:44,1.429627,103.787352,Woodlands,5.38,0.22
int_000381,d9093d18-b959-4ff3-b69a-a1748460cb5e,Brian,poi_1371_Starbucks,Starbucks,rating,3,2026-01-10 03:18:44,1.429627,103.787352,Woodlands,5.38,0.22
int_000448,da4ea5cf-d90f-4105-9a6e-f9f38252d01c,Noah,poi_807_Lyznco,Lyznco,rating,3,2026-01-10 03:25:44,1.307006,103.992759,Tampines,10.53,0.26
int_000002,966592ed-5bfd-4113-9c4d-d93cd3637b40,Aiden,poi_3724_Top_1_Homemade_Noodle,Top 1 Homemade Noodle,search,1,2026-01-10 14:31:40,1.33845,103.771958,Clementi,0.67,0.37
int_000435,6c32074e-c671-44f7-951a-422b74159885,David,poi_5060_UOB,UOB,visit,1,2026-01-10 15:32:44,1.36324,103.843985,Ang Mo Kio,6.87,0.28
int_000436,6c32074e-c671-44f7-951a-422b74159885,David,poi_5060_UOB,UOB,rating,3,2026-01-10 16:28:44,1.36324,103.843985,Ang Mo Kio,6.87,0.28
int_000045,91d45a60-1f23-45f2-a343-a51017f818d9,Lucas,poi_861_Mouawad,Mouawad,visit,1,2026-01-10 18:29:40,1.282938,103.86664,Marina Bay,4.91,0.56
int_000559,e84b1e1f-de1f-4d49-85fc-28d7b0e8b86b,Bobby,poi_944_Autium_Jewellery,Autium Jewellery,visit,1,2026-01-10 18:57:45,1.288751,103.856735,Clarke Quay,3.05,0.26
int_000490,dc678a8d-37ff-4a54-9a6a-da7252d1b855,Elise,poi_1278_An_Aai_Affair,An Aai Affair,visit,1,2026-01-10 22:21:45,1.424739,103.791324,Woodlands,9.4,0.22
int_000491,dc678a8d-37ff-4a54-9a6a-da7252d1b855,Elise,poi_1278_An_Aai_Affair,An Aai Affair,rating,3,2026-01-11 00:11:45,1.424739,103.791324,Woodlands,9.4,0.22
int_000402,bdfc5ba3-1843-4148-aef4-5f25b90608d4,Sam,poi_3552_The_Pack,The Pack,visit,1,2026-01-11 18:24:44,1.388403,103.884424,Sengkang,9.01,0.28
int_000000,966592ed-5bfd-4113-9c4d-d93cd3637b40,Aiden,poi_3724_Top_1_Homemade_Noodle,Top 1 Homemade Noodle,visit,1,2026-01-11 18:31:40,1.33845,103.771958,Clementi,0.67,0.37
int_000001,966592ed-5bfd-4113-9c4d-d93cd3637b40,Aiden,poi_3724_Top_1_Homemade_Noodle,Top 1 Homemade Noodle,rating,4,2026-01-11 19:19:40,1.33845,103.771958,Clementi,0.67,0.37
int_000403,bdfc5ba3-1843-4148-aef4-5f25b90608d4,Sam,poi_3552_The_Pack,The Pack,rating,3,2026-01-11 19:42:44,1.388403,103.884424,Sengkang,9.01,0.28
int_000497,dc678a8d-37ff-4a54-9a6a-da7252d1b855,Elise,poi_1043_Grill_&_Pasta,Grill & Pasta,visit,1,2026-01-12 21:51:45,1.439552,103.791103,Woodlands,8.59,0.22
int_000235,84273d4e-1e2c-4baf-8f0d-7b4f2ef833d0,Noah,poi_4187_G1RYA,G1RYA,visit,1,2026-01-12 23:07:42,1.352116,103.890896,Hougang,4.96,0.77
int_000498,dc678a8d-37ff-4a54-9a6a-da7252d1b855,Elise,poi_1043_Grill_&_Pasta,Grill & Pasta,rating,3,2026-01-12 23:39:45,1.439552,103.791103,Woodlands,8.59,0.22
int_000269,79dfa2c9-fcaf-4ac0-9cf6-acdc3165f1db,Zara,poi_3333_Boon_Lay_Food_Court,Boon Lay Food Court,visit,1,2026-01-13 00:23:42,1.309799,103.66086,Jurong East,7.05,0.28
int_000270,79dfa2c9-fcaf-4ac0-9cf6-acdc3165f1db,Zara,poi_3333_Boon_Lay_Food_Court,Boon Lay Food Court,rating,2,2026-01-13 01:29:42,1.309799,103.66086,Jurong East,7.05,0.28
int_000412,6c32074e-c671-44f7-951a-422b74159885,David,poi_5122_UOB,UOB,visit,1,2026-01-13 02:57:44,1.37928,103.913461,Sengkang,5.26,0.28
int_000413,6c32074e-c671-44f7-951a-422b74159885,David,poi_5122_UOB,UOB,rating,3,2026-01-13 03:43:44,1.37928,103.913461,Sengkang,5.26,0.28
int_000321,bc6799a8-00d1-4ab5-80bf-eeffc36ba029,Kai,poi_1306_Starbucks,Starbucks,visit,1,2026-01-14 01:44:43,1.30286,103.854123,Clarke Quay,0.93,0.51
int_000248,79dfa2c9-fcaf-4ac0-9cf6-acdc3165f1db,Zara,poi_3671_Stackz,Stackz,visit,1,2026-01-14 02:18:42,1.316768,103.757714,Clementi,9.96,0.28
int_000322,bc6799a8-00d1-4ab5-80bf-eeffc36ba029,Kai,poi_1306_Starbucks,Starbucks,rating,4,2026-01-14 02:25:43,1.30286,103.854123,Clarke Quay,0.93,0.51
int_000249,79dfa2c9-fcaf-4ac0-9cf6-acdc3165f1db,Zara,poi_3671_Stackz,Stackz,rating,2,2026-01-14 04:11:42,1.316768,103.757714,Clementi,9.96,0.28
int_000429,6c32074e-c671-44f7-951a-422b74159885,David,poi_5363_UOB,UOB,search,1,2026-01-14 16:41:44,1.267885,103.855925,Marina Bay,3.29,0.28
int_000565,e84b1e1f-de1f-4d49-85fc-28d7b0e8b86b,Bobby,poi_3157_Soul_Kind_Cafe,Soul Kind Cafe,visit,1,2026-01-14 21:01:45,1.37599,103.629951,Jurong East,13.1,0.26
int_000566,e84b1e1f-de1f-4d49-85fc-28d7b0e8b86b,Bobby,poi_3157_Soul_Kind_Cafe,Soul Kind Cafe,rating,2,2026-01-14 21:28:45,1.37599,103.629951,Jurong East,13.1,0.26
int_000427,6c32074e-c671-44f7-951a-422b74159885,David,poi_5363_UOB,UOB,visit,1,2026-01-14 21:41:44,1.267885,103.855925,Marina Bay,3.29,0.28
int_000428,6c32074e-c671-44f7-951a-422b74159885,David,poi_5363_UOB,UOB,rating,3,2026-01-14 23:33:44,1.267885,103.855925,Marina Bay,3.29,0.28
int_000361,d9093d18-b959-4ff3-b69a-a1748460cb5e,Brian,poi_1115_Symmetry_cafe,Symmetry cafe,visit,1,2026-01-15 01:22:43,1.260573,103.744605,Clementi,13.62,0.22
int_000362,d9093d18-b959-4ff3-b69a-a1748460cb5e,Brian,poi_1115_Symmetry_cafe,Symmetry cafe,rating,2,2026-01-15 03:04:43,1.260573,103.744605,Clementi,13.62,0.22
