user_id,poi_id,interaction_type,value,timestamp
ed4d4ddf-8829-49c2-b540-b0c8aa36dfcf,poi_467_ALFA_H_MART,search,1,9/8/2025 13:20
ed4d4ddf-8829-49c2-b540-b0c8aa36dfcf,poi_529_Cheers,search,1,9/8/2025 13:37
da4ea5cf-d90f-4105-9a6e-f9f38252d01c,poi_1447_Clap_Cafe,visit,1,9/8/2025 19:26
da4ea5cf-d90f-4105-9a6e-f9f38252d01c,poi_1447_Clap_Cafe,rating,3,9/8/2025 19:57
4fbee9f0-804a-4e5d-834e-553670746410,poi_4010_Parkway_Shenton_Medical_Clinic,visit,1,9/8/2025 22:39
4fbee9f0-804a-4e5d-834e-553670746410,poi_4010_Parkway_Shenton_Medical_Clinic,rating,3,9/8/2025 23:08
bc6799a8-00d1-4ab5-80bf-eeffc36ba029,poi_331_Cheers,visit,1,9/8/2025 23:51
da4ea5cf-d90f-4105-9a6e-f9f38252d01c,poi_933_Nana_&_Bird,visit,1,9/9/2025 1:26
da4ea5cf-d90f-4105-9a6e-f9f38252d01c,poi_933_Nana_&_Bird,rating,3,9/9/2025 1:45
bc6799a8-00d1-4ab5-80bf-eeffc36ba029,poi_331_Cheers,rating,3,9/9/2025 1:51
ed4d4ddf-8829-49c2-b540-b0c8aa36dfcf,poi_467_ALFA_H_MART,visit,1,9/9/2025 6:20
ed4d4ddf-8829-49c2-b540-b0c8aa36dfcf,poi_467_ALFA_H_MART,rating,3,9/9/2025 7:32
ed4d4ddf-8829-49c2-b540-b0c8aa36dfcf,poi_529_Cheers,visit,1,9/9/2025 8:37
ed4d4ddf-8829-49c2-b540-b0c8aa36dfcf,poi_529_Cheers,rating,3,9/9/2025 9:29
4fbee9f0-804a-4e5d-834e-553670746410,poi_1217_Da_Paolo_Gastronomia,search,1,9/9/2025 19:31
dc678a8d-37ff-4a54-9a6a-da7252d1b855,poi_1468_Venture_Drive_Coffee,visit,1,9/10/2025 5:06
4fbee9f0-804a-4e5d-834e-553670746410,poi_1217_Da_Paolo_Gastronomia,visit,1,9/10/2025 21:31
da4ea5cf-d90f-4105-9a6e-f9f38252d01c,poi_886_Zegna,search,1,9/10/2025 22:06
4fbee9f0-804a-4e5d-834e-553670746410,poi_1217_Da_Paolo_Gastronomia,rating,2,9/10/2025 23:14
da4ea5cf-d90f-4105-9a6e-f9f38252d01c,poi_886_Zegna,visit,1,9/11/2025 5:06
ed4d4ddf-8829-49c2-b540-b0c8aa36dfcf,poi_847_Louis_Vuitton,visit,1,9/11/2025 5:40
da4ea5cf-d90f-4105-9a6e-f9f38252d01c,poi_886_Zegna,rating,3,9/11/2025 6:34
ed4d4ddf-8829-49c2-b540-b0c8aa36dfcf,poi_847_Louis_Vuitton,rating,3,9/11/2025 7:25
13e7ba11-c5a9-4f73-86d2-0f2c058891c7,poi_3966_Hyperbaric_Medical_Services,visit,1,9/11/2025 7:41
4fbee9f0-804a-4e5d-834e-553670746410,poi_1467_Ten,search,1,9/11/2025 16:13
da4ea5cf-d90f-4105-9a6e-f9f38252d01c,poi_1117_Foot_code,visit,1,9/11/2025 21:48
d9093d18-b959-4ff3-b69a-a1748460cb5e,poi_487_Lion_View_Mini-mart,visit,1,9/11/2025 21:49
d9093d18-b959-4ff3-b69a-a1748460cb5e,poi_487_Lion_View_Mini-mart,rating,3,9/11/2025 21:54
11069943-47a6-46e4-87ca-fa7d38142abc,poi_4197_Storm_Athletic_Club,visit,1,9/12/2025 7:53
11069943-47a6-46e4-87ca-fa7d38142abc,poi_4197_Storm_Athletic_Club,rating,4,9/12/2025 9:45
e84b1e1f-de1f-4d49-85fc-28d7b0e8b86b,poi_1361_Aura_Loft,search,1,9/12/2025 11:44
0fa06458-d7df-42c6-9de2-c32c36c16707,poi_1673_Hong_Kong_Dim_Sum_Shop,search,1,9/12/2025 13:38
4fbee9f0-804a-4e5d-834e-553670746410,poi_1467_Ten,visit,1,9/12/2025 22:13
4fbee9f0-804a-4e5d-834e-553670746410,poi_1467_Ten,rating,2,9/12/2025 23:21
d9093d18-b959-4ff3-b69a-a1748460cb5e,poi_3818_Bakery_Degree,visit,1,9/13/2025 1:29
6b60d5cf-63cc-4dc4-9bbe-74da03df19db,poi_456_H_M_Hussain,visit,1,9/13/2025 2:21
6b60d5cf-63cc-4dc4-9bbe-74da03df19db,poi_456_H_M_Hussain,rating,3,9/13/2025 4:03
e84b1e1f-de1f-4d49-85fc-28d7b0e8b86b,poi_1361_Aura_Loft,visit,1,9/13/2025 8:44
e84b1e1f-de1f-4d49-85fc-28d7b0e8b86b,poi_1361_Aura_Loft,rating,4,9/13/2025 10:34
e84b1e1f-de1f-4d49-85fc-28d7b0e8b86b,poi_1389_DRubinah__Punggol,visit,1,9/13/2025 21:15
11069943-47a6-46e4-87ca-fa7d38142abc,poi_1366_Whampoa_Soya_Bean_&_Grass_Jelly_Drinks,visit,1,9/13/2025 21:28
11069943-47a6-46e4-87ca-fa7d38142abc,poi_1366_Whampoa_Soya_Bean_&_Grass_Jelly_Drinks,rating,3,9/13/2025 23:23
d9093d18-b959-4ff3-b69a-a1748460cb5e,poi_1314_Starbucks,visit,1,9/14/2025 2:04
6b60d5cf-63cc-4dc4-9bbe-74da03df19db,poi_406_Cheers,visit,1,9/14/2025 5:19
0fa06458-d7df-42c6-9de2-c32c36c16707,poi_1673_Hong_Kong_Dim_Sum_Shop,visit,1,9/14/2025 6:38
0fa06458-d7df-42c6-9de2-c32c36c16707,poi_1673_Hong_Kong_Dim_Sum_Shop,rating,2,9/14/2025 7:32
dc678a8d-37ff-4a54-9a6a-da7252d1b855,poi_1072_Starbucks,visit,1,9/15/2025 2:26
dc678a8d-37ff-4a54-9a6a-da7252d1b855,poi_1072_Starbucks,rating,3,9/15/2025 3:30
84273d4e-1e2c-4baf-8f0d-7b4f2ef833d0,poi_4045_Nanyang_Dentist,visit,1,9/15/2025 23:28
84273d4e-1e2c-4baf-8f0d-7b4f2ef833d0,poi_4045_Nanyang_Dentist,rating,3,9/16/2025 1:07
da4ea5cf-d90f-4105-9a6e-f9f38252d01c,poi_1483_The_Alley,visit,1,9/16/2025 20:49
da4ea5cf-d90f-4105-9a6e-f9f38252d01c,poi_1483_The_Alley,rating,3,9/16/2025 21:38
20fa62fd-59ef-4d4f-8cb4-9389b70ac389,poi_1109_Koi_Cafe,search,1,9/17/2025 1:07
6fea97cb-757c-47f2-9e34-3ccbb6714c80,poi_1164_Unicorn_Kampung_1200,visit,1,9/17/2025 2:44
6fea97cb-757c-47f2-9e34-3ccbb6714c80,poi_1164_Unicorn_Kampung_1200,rating,2,9/17/2025 3:29
13e7ba11-c5a9-4f73-86d2-0f2c058891c7,poi_978_Malabar,search,1,9/17/2025 6:49
dc678a8d-37ff-4a54-9a6a-da7252d1b855,poi_1571_Ton_Coffee,search,1,9/17/2025 9:25
da4ea5cf-d90f-4105-9a6e-f9f38252d01c,poi_1475_Black_&_White,visit,1,9/17/2025 23:05
dc678a8d-37ff-4a54-9a6a-da7252d1b855,poi_1571_Ton_Coffee,visit,1,9/18/2025 6:25
20fa62fd-59ef-4d4f-8cb4-9389b70ac389,poi_1109_Koi_Cafe,visit,1,9/18/2025 7:07
13e7ba11-c5a9-4f73-86d2-0f2c058891c7,poi_978_Malabar,visit,1,9/18/2025 22:49
af0e718d-4cca-4308-a72e-221b3f2fbe9e,poi_954_MB_Jewellery,visit,1,9/19/2025 5:23
af0e718d-4cca-4308-a72e-221b3f2fbe9e,poi_954_MB_Jewellery,rating,3,9/19/2025 6:03
dc678a8d-37ff-4a54-9a6a-da7252d1b855,poi_1548_Monday_Coffee_Bar,search,1,9/19/2025 12:35
6c32074e-c671-44f7-951a-422b74159885,poi_5008_UOB,visit,1,9/20/2025 4:37
6b60d5cf-63cc-4dc4-9bbe-74da03df19db,poi_883_Dakshaini_Silks,search,1,9/20/2025 14:03
dc678a8d-37ff-4a54-9a6a-da7252d1b855,poi_1548_Monday_Coffee_Bar,visit,1,9/20/2025 18:35
dc678a8d-37ff-4a54-9a6a-da7252d1b855,poi_1548_Monday_Coffee_Bar,rating,4,9/20/2025 18:43
6b60d5cf-63cc-4dc4-9bbe-74da03df19db,poi_883_Dakshaini_Silks,visit,1,9/21/2025 19:03
6b60d5cf-63cc-4dc4-9bbe-74da03df19db,poi_316_Shipmart_Pte_Ltd,search,1,9/21/2025 19:16
0fa06458-d7df-42c6-9de2-c32c36c16707,poi_941_Chan_Foon_Jade_&_Jewellery,visit,1,9/21/2025 19:22
0fa06458-d7df-42c6-9de2-c32c36c16707,poi_941_Chan_Foon_Jade_&_Jewellery,rating,4,9/21/2025 19:36
6b60d5cf-63cc-4dc4-9bbe-74da03df19db,poi_883_Dakshaini_Silks,rating,3,9/21/2025 19:40
e84b1e1f-de1f-4d49-85fc-28d7b0e8b86b,poi_1509_Tanamera_Coffee,visit,1,9/21/2025 23:45
bc6799a8-00d1-4ab5-80bf-eeffc36ba029,poi_1008_Evernew_Book_Store,search,1,9/22/2025 0:02
e84b1e1f-de1f-4d49-85fc-28d7b0e8b86b,poi_1509_Tanamera_Coffee,rating,3,9/22/2025 0:42
bc6799a8-00d1-4ab5-80bf-eeffc36ba029,poi_1008_Evernew_Book_Store,visit,1,9/22/2025 2:02
6b60d5cf-63cc-4dc4-9bbe-74da03df19db,poi_316_Shipmart_Pte_Ltd,visit,1,9/22/2025 3:16
bc6799a8-00d1-4ab5-80bf-eeffc36ba029,poi_1008_Evernew_Book_Store,rating,5,9/22/2025 3:51
6b60d5cf-63cc-4dc4-9bbe-74da03df19db,poi_316_Shipmart_Pte_Ltd,rating,3,9/22/2025 5:00
6c32074e-c671-44f7-951a-422b74159885,poi_4899_DBS,visit,1,9/22/2025 9:18
6c32074e-c671-44f7-951a-422b74159885,poi_4899_DBS,rating,3,9/22/2025 10:02
11069943-47a6-46e4-87ca-fa7d38142abc,poi_2067_Ye_Lai_Xiang_Tasty_Barbecue,visit,1,9/23/2025 9:11
11069943-47a6-46e4-87ca-fa7d38142abc,poi_2067_Ye_Lai_Xiang_Tasty_Barbecue,rating,3,9/23/2025 9:38
da4ea5cf-d90f-4105-9a6e-f9f38252d01c,poi_1278_An_Aai_Affair,search,1,9/23/2025 10:39
bc6799a8-00d1-4ab5-80bf-eeffc36ba029,poi_1179_Starbucks,search,1,9/23/2025 15:38
da4ea5cf-d90f-4105-9a6e-f9f38252d01c,poi_1278_An_Aai_Affair,visit,1,9/24/2025 3:39
da4ea5cf-d90f-4105-9a6e-f9f38252d01c,poi_1278_An_Aai_Affair,rating,3,9/24/2025 4:08
d9093d18-b959-4ff3-b69a-a1748460cb5e,poi_767_Blinker_Electrical,visit,1,9/24/2025 4:48
6b60d5cf-63cc-4dc4-9bbe-74da03df19db,poi_964_Ishtara,search,1,9/24/2025 18:17
bc6799a8-00d1-4ab5-80bf-eeffc36ba029,poi_1179_Starbucks,visit,1,9/25/2025 2:38
bc6799a8-00d1-4ab5-80bf-eeffc36ba029,poi_1179_Starbucks,rating,3,9/25/2025 4:05
11069943-47a6-46e4-87ca-fa7d38142abc,poi_1090_Ardents_Cafe_Bar,visit,1,9/25/2025 4:21
11069943-47a6-46e4-87ca-fa7d38142abc,poi_1090_Ardents_Cafe_Bar,rating,3,9/25/2025 5:33
ed4d4ddf-8829-49c2-b540-b0c8aa36dfcf,poi_3807_Paris_Baguette,search,1,9/25/2025 9:03
ed4d4ddf-8829-49c2-b540-b0c8aa36dfcf,poi_1014_Isetan,visit,1,9/25/2025 18:53
ed4d4ddf-8829-49c2-b540-b0c8aa36dfcf,poi_1014_Isetan,rating,3,9/25/2025 19:36
6b60d5cf-63cc-4dc4-9bbe-74da03df19db,poi_964_Ishtara,visit,1,9/26/2025 3:17
6b60d5cf-63cc-4dc4-9bbe-74da03df19db,poi_964_Ishtara,rating,3,9/26/2025 4:34
ed4d4ddf-8829-49c2-b540-b0c8aa36dfcf,poi_3807_Paris_Baguette,visit,1,9/26/2025 23:03
bc6799a8-00d1-4ab5-80bf-eeffc36ba029,poi_1565_The_Signature_Pattisserie,search,1,9/26/2025 23:33
ed4d4ddf-8829-49c2-b540-b0c8aa36dfcf,poi_3807_Paris_Baguette,rating,3,9/26/2025 23:39
84273d4e-1e2c-4baf-8f0d-7b4f2ef833d0,poi_4068_Dental_Surgery,search,1,9/27/2025 12:32
985b9ad3-79dc-4c6a-9159-27f4dda0e235,poi_417_Lit_Heng_Seng_Minimart,search,1,9/27/2025 19:50
84273d4e-1e2c-4baf-8f0d-7b4f2ef833d0,poi_4068_Dental_Surgery,visit,1,9/27/2025 21:32
bc6799a8-00d1-4ab5-80bf-eeffc36ba029,poi_1565_The_Signature_Pattisserie,visit,1,9/27/2025 21:33
bc6799a8-00d1-4ab5-80bf-eeffc36ba029,poi_1565_The_Signature_Pattisserie,rating,4,9/27/2025 22:03
84273d4e-1e2c-4baf-8f0d-7b4f2ef833d0,poi_4068_Dental_Surgery,rating,3,9/27/2025 22:08
985b9ad3-79dc-4c6a-9159-27f4dda0e235,poi_417_Lit_Heng_Seng_Minimart,visit,1,9/27/2025 22:50
985b9ad3-79dc-4c6a-9159-27f4dda0e235,poi_417_Lit_Heng_Seng_Minimart,rating,3,9/28/2025 0:39
6b60d5cf-63cc-4dc4-9bbe-74da03df19db,poi_246_Save_Mart,search,1,9/28/2025 6:23
84273d4e-1e2c-4baf-8f0d-7b4f2ef833d0,poi_4096_Q&M_Dental_Surgery,visit,1,9/28/2025 7:56
84273d4e-1e2c-4baf-8f0d-7b4f2ef833d0,poi_4096_Q&M_Dental_Surgery,rating,3,9/28/2025 8:18
13e7ba11-c5a9-4f73-86d2-0f2c058891c7,poi_1826_Dallas_Restaurant_&_Bar,search,1,9/28/2025 15:42
13e7ba11-c5a9-4f73-86d2-0f2c058891c7,poi_1826_Dallas_Restaurant_&_Bar,visit,1,9/29/2025 2:42
11069943-47a6-46e4-87ca-fa7d38142abc,poi_2002_Lina_Satay_Club,visit,1,9/29/2025 3:24
13e7ba11-c5a9-4f73-86d2-0f2c058891c7,poi_1826_Dallas_Restaurant_&_Bar,rating,3,9/29/2025 4:07
11069943-47a6-46e4-87ca-fa7d38142abc,poi_1828_Harrys_Bar,visit,1,9/29/2025 4:33
11069943-47a6-46e4-87ca-fa7d38142abc,poi_1828_Harrys_Bar,rating,2,9/29/2025 4:44
11069943-47a6-46e4-87ca-fa7d38142abc,poi_2002_Lina_Satay_Club,rating,2,9/29/2025 5:08
6b60d5cf-63cc-4dc4-9bbe-74da03df19db,poi_246_Save_Mart,visit,1,9/29/2025 6:23
6b60d5cf-63cc-4dc4-9bbe-74da03df19db,poi_246_Save_Mart,rating,3,9/29/2025 6:48
13e7ba11-c5a9-4f73-86d2-0f2c058891c7,poi_3147_Bar.B.Q._Tonight,search,1,9/29/2025 10:53
6c32074e-c671-44f7-951a-422b74159885,poi_5093_UOB,visit,1,9/29/2025 19:09
da4ea5cf-d90f-4105-9a6e-f9f38252d01c,poi_1313_Starbucks,visit,1,9/29/2025 22:52
da4ea5cf-d90f-4105-9a6e-f9f38252d01c,poi_1313_Starbucks,rating,3,9/30/2025 0:13
da4ea5cf-d90f-4105-9a6e-f9f38252d01c,poi_1570_Kyuukei_Coffee,visit,1,9/30/2025 8:37
da4ea5cf-d90f-4105-9a6e-f9f38252d01c,poi_1570_Kyuukei_Coffee,rating,3,9/30/2025 9:56
6b60d5cf-63cc-4dc4-9bbe-74da03df19db,poi_1338_Toast_Box,visit,1,10/1/2025 2:27
13e7ba11-c5a9-4f73-86d2-0f2c058891c7,poi_3147_Bar.B.Q._Tonight,visit,1,10/1/2025 2:53
13e7ba11-c5a9-4f73-86d2-0f2c058891c7,poi_3147_Bar.B.Q._Tonight,rating,3,10/1/2025 3:13
6b60d5cf-63cc-4dc4-9bbe-74da03df19db,poi_1338_Toast_Box,rating,3,10/1/2025 3:40
bc6799a8-00d1-4ab5-80bf-eeffc36ba029,poi_1317_The_Coffee_Bean_&_Tea_Leaf,visit,1,10/1/2025 5:32
bc6799a8-00d1-4ab5-80bf-eeffc36ba029,poi_1317_The_Coffee_Bean_&_Tea_Leaf,rating,3,10/1/2025 7:09
d9093d18-b959-4ff3-b69a-a1748460cb5e,poi_490_Aruna_Minimart,search,1,10/1/2025 15:53
91d45a60-1f23-45f2-a343-a51017f818d9,poi_1180_Atlas_Coffee_House,visit,1,10/1/2025 22:02
91d45a60-1f23-45f2-a343-a51017f818d9,poi_1180_Atlas_Coffee_House,rating,3,10/1/2025 23:25
6c32074e-c671-44f7-951a-422b74159885,poi_5202_UOB,search,1,10/2/2025 6:47
4fbee9f0-804a-4e5d-834e-553670746410,poi_1371_Starbucks,visit,1,10/2/2025 8:41
4fbee9f0-804a-4e5d-834e-553670746410,poi_1371_Starbucks,rating,3,10/2/2025 9:40
13e7ba11-c5a9-4f73-86d2-0f2c058891c7,poi_3368_Polo_Club_Restaurant_&_Bar,search,1,10/2/2025 14:55
13e7ba11-c5a9-4f73-86d2-0f2c058891c7,poi_3368_Polo_Club_Restaurant_&_Bar,visit,1,10/2/2025 20:55
13e7ba11-c5a9-4f73-86d2-0f2c058891c7,poi_3368_Polo_Club_Restaurant_&_Bar,rating,5,10/2/2025 22:53
dc678a8d-37ff-4a54-9a6a-da7252d1b855,poi_1053_Cafe_O,search,1,10/2/2025 23:41
4fbee9f0-804a-4e5d-834e-553670746410,poi_3774_Fredos,visit,1,10/3/2025 0:24
4fbee9f0-804a-4e5d-834e-553670746410,poi_1315_Starbucks,visit,1,10/3/2025 0:55
4fbee9f0-804a-4e5d-834e-553670746410,poi_1315_Starbucks,rating,1,10/3/2025 1:01
6c32074e-c671-44f7-951a-422b74159885,poi_5202_UOB,visit,1,10/3/2025 4:47
6c32074e-c671-44f7-951a-422b74159885,poi_5202_UOB,rating,3,10/3/2025 5:27
dc678a8d-37ff-4a54-9a6a-da7252d1b855,poi_1053_Cafe_O,visit,1,10/3/2025 6:41
d9093d18-b959-4ff3-b69a-a1748460cb5e,poi_490_Aruna_Minimart,visit,1,10/3/2025 6:53
d9093d18-b959-4ff3-b69a-a1748460cb5e,poi_490_Aruna_Minimart,rating,3,10/3/2025 8:29
dc678a8d-37ff-4a54-9a6a-da7252d1b855,poi_1189_Station_51,search,1,10/3/2025 23:09
91d45a60-1f23-45f2-a343-a51017f818d9,poi_3422_McDonalds,visit,1,10/4/2025 3:50
91d45a60-1f23-45f2-a343-a51017f818d9,poi_3422_McDonalds,rating,4,10/4/2025 4:43
966592ed-5bfd-4113-9c4d-d93cd3637b40,poi_3649_Best_Satay_7_&_8_(Lau_Pa_Sat),visit,1,10/4/2025 7:41
966592ed-5bfd-4113-9c4d-d93cd3637b40,poi_3649_Best_Satay_7_&_8_(Lau_Pa_Sat),rating,3,10/4/2025 9:37
13e7ba11-c5a9-4f73-86d2-0f2c058891c7,poi_3559_Boost_Juice_Bar,search,1,10/4/2025 12:01
dc678a8d-37ff-4a54-9a6a-da7252d1b855,poi_1189_Station_51,visit,1,10/4/2025 19:09
ed4d4ddf-8829-49c2-b540-b0c8aa36dfcf,poi_1338_Toast_Box,visit,1,10/5/2025 5:03
11069943-47a6-46e4-87ca-fa7d38142abc,poi_1931_Verve_Pizza_Bar__Marina_Bay,visit,1,10/5/2025 5:15
0fa06458-d7df-42c6-9de2-c32c36c16707,poi_802_La_Belle_Couture,visit,1,10/5/2025 6:06
0fa06458-d7df-42c6-9de2-c32c36c16707,poi_802_La_Belle_Couture,rating,2,10/5/2025 6:42
13e7ba11-c5a9-4f73-86d2-0f2c058891c7,poi_3559_Boost_Juice_Bar,visit,1,10/5/2025 8:01
13e7ba11-c5a9-4f73-86d2-0f2c058891c7,poi_3559_Boost_Juice_Bar,rating,2,10/5/2025 8:55
d9093d18-b959-4ff3-b69a-a1748460cb5e,poi_1336_Toast_Box,search,1,10/5/2025 11:20
d9093d18-b959-4ff3-b69a-a1748460cb5e,poi_1336_Toast_Box,visit,1,10/6/2025 7:20
d9093d18-b959-4ff3-b69a-a1748460cb5e,poi_1336_Toast_Box,rating,3,10/6/2025 8:54
bc6799a8-00d1-4ab5-80bf-eeffc36ba029,poi_1256_Frienzlink_Cafeteria,visit,1,10/6/2025 19:09
bc6799a8-00d1-4ab5-80bf-eeffc36ba029,poi_1256_Frienzlink_Cafeteria,rating,3,10/6/2025 19:43
4fbee9f0-804a-4e5d-834e-553670746410,poi_3819_Simply_Bread,visit,1,10/7/2025 2:25
4fbee9f0-804a-4e5d-834e-553670746410,poi_3819_Simply_Bread,rating,2,10/7/2025 3:21
11069943-47a6-46e4-87ca-fa7d38142abc,poi_3315_The_Sun_to_House_Japanese_Whisky_&_Sake_Bar,visit,1,10/7/2025 23:50
4fbee9f0-804a-4e5d-834e-553670746410,poi_3794_Bangalore_Iyengar,visit,1,10/8/2025 22:32
e84b1e1f-de1f-4d49-85fc-28d7b0e8b86b,poi_1552_The_Good_Boys,search,1,10/8/2025 22:33
4fbee9f0-804a-4e5d-834e-553670746410,poi_3794_Bangalore_Iyengar,rating,1,10/9/2025 0:10
ed4d4ddf-8829-49c2-b540-b0c8aa36dfcf,poi_755_Sony,visit,1,10/9/2025 6:20
966592ed-5bfd-4113-9c4d-d93cd3637b40,poi_1410_Coffee_Friends,visit,1,10/9/2025 6:53
ed4d4ddf-8829-49c2-b540-b0c8aa36dfcf,poi_755_Sony,rating,3,10/9/2025 8:11
966592ed-5bfd-4113-9c4d-d93cd3637b40,poi_1410_Coffee_Friends,rating,3,10/9/2025 8:43
4fbee9f0-804a-4e5d-834e-553670746410,poi_1487_Joan_Bowen_Cafe,search,1,10/9/2025 15:26
d9093d18-b959-4ff3-b69a-a1748460cb5e,poi_1381_Arabica,visit,1,10/9/2025 22:21
d9093d18-b959-4ff3-b69a-a1748460cb5e,poi_1381_Arabica,rating,2,10/9/2025 23:05
4fbee9f0-804a-4e5d-834e-553670746410,poi_1487_Joan_Bowen_Cafe,visit,1,10/9/2025 23:26
e84b1e1f-de1f-4d49-85fc-28d7b0e8b86b,poi_1552_The_Good_Boys,visit,1,10/9/2025 23:33
e84b1e1f-de1f-4d49-85fc-28d7b0e8b86b,poi_1552_The_Good_Boys,rating,4,10/10/2025 1:23
4fbee9f0-804a-4e5d-834e-553670746410,poi_3273_Dlife_Signature,visit,1,10/10/2025 20:33
6b60d5cf-63cc-4dc4-9bbe-74da03df19db,poi_248_Free_&_Easy_Minimart,search,1,10/10/2025 21:49
4fbee9f0-804a-4e5d-834e-553670746410,poi_3273_Dlife_Signature,rating,2,10/10/2025 21:53
da4ea5cf-d90f-4105-9a6e-f9f38252d01c,poi_1565_The_Signature_Pattisserie,visit,1,10/11/2025 4:23
da4ea5cf-d90f-4105-9a6e-f9f38252d01c,poi_1565_The_Signature_Pattisserie,rating,4,10/11/2025 5:08
6b60d5cf-63cc-4dc4-9bbe-74da03df19db,poi_248_Free_&_Easy_Minimart,visit,1,10/11/2025 7:49
11069943-47a6-46e4-87ca-fa7d38142abc,poi_2973_Lumo_Bar_&_Restaurant,search,1,10/11/2025 8:24
bc6799a8-00d1-4ab5-80bf-eeffc36ba029,poi_1523_Brawn_&_Brains_Coffee,search,1,10/11/2025 22:45
985b9ad3-79dc-4c6a-9159-27f4dda0e235,poi_979_Malabar,visit,1,10/12/2025 2:07
985b9ad3-79dc-4c6a-9159-27f4dda0e235,poi_979_Malabar,rating,2,10/12/2025 2:15
11069943-47a6-46e4-87ca-fa7d38142abc,poi_2973_Lumo_Bar_&_Restaurant,visit,1,10/12/2025 5:24
11069943-47a6-46e4-87ca-fa7d38142abc,poi_2973_Lumo_Bar_&_Restaurant,rating,3,10/12/2025 6:17
84273d4e-1e2c-4baf-8f0d-7b4f2ef833d0,poi_3965_Joy_Family_Clinic,visit,1,10/12/2025 8:55
6fea97cb-757c-47f2-9e34-3ccbb6714c80,poi_1490_iTea,visit,1,10/12/2025 9:10
6fea97cb-757c-47f2-9e34-3ccbb6714c80,poi_1490_iTea,rating,5,10/12/2025 10:47
20fa62fd-59ef-4d4f-8cb4-9389b70ac389,poi_3732_Fried_Chicken_Master_,visit,1,10/12/2025 18:35
20fa62fd-59ef-4d4f-8cb4-9389b70ac389,poi_3732_Fried_Chicken_Master_,rating,4,10/12/2025 20:15
985b9ad3-79dc-4c6a-9159-27f4dda0e235,poi_964_Ishtara,visit,1,10/13/2025 0:23
bc6799a8-00d1-4ab5-80bf-eeffc36ba029,poi_1523_Brawn_&_Brains_Coffee,visit,1,10/13/2025 18:45
bc6799a8-00d1-4ab5-80bf-eeffc36ba029,poi_1523_Brawn_&_Brains_Coffee,rating,3,10/13/2025 20:07
6c32074e-c671-44f7-951a-422b74159885,poi_5095_UOB,search,1,10/14/2025 2:22
6c32074e-c671-44f7-951a-422b74159885,poi_5095_UOB,visit,1,10/14/2025 7:22
6c32074e-c671-44f7-951a-422b74159885,poi_5095_UOB,rating,3,10/14/2025 9:22
79dfa2c9-fcaf-4ac0-9cf6-acdc3165f1db,poi_3441_Burger_King,search,1,10/15/2025 15:59
79dfa2c9-fcaf-4ac0-9cf6-acdc3165f1db,poi_3441_Burger_King,visit,1,10/16/2025 3:59
79dfa2c9-fcaf-4ac0-9cf6-acdc3165f1db,poi_3441_Burger_King,rating,3,10/16/2025 4:29
20fa62fd-59ef-4d4f-8cb4-9389b70ac389,poi_3538_Dominos,search,1,10/16/2025 18:24
ed4d4ddf-8829-49c2-b540-b0c8aa36dfcf,poi_246_Save_Mart,search,1,10/16/2025 19:19
dc678a8d-37ff-4a54-9a6a-da7252d1b855,poi_1060_The_Audacious_Cakery,visit,1,10/17/2025 5:32
dc678a8d-37ff-4a54-9a6a-da7252d1b855,poi_1060_The_Audacious_Cakery,rating,2,10/17/2025 6:25
4fbee9f0-804a-4e5d-834e-553670746410,poi_1402_CHICHA_San_Chen,visit,1,10/17/2025 19:40
bc6799a8-00d1-4ab5-80bf-eeffc36ba029,poi_1240_Plus_Coffee_Joint,visit,1,10/17/2025 21:07
4fbee9f0-804a-4e5d-834e-553670746410,poi_1402_CHICHA_San_Chen,rating,3,10/17/2025 21:23
bc6799a8-00d1-4ab5-80bf-eeffc36ba029,poi_1240_Plus_Coffee_Joint,rating,3,10/17/2025 21:34
20fa62fd-59ef-4d4f-8cb4-9389b70ac389,poi_3538_Dominos,visit,1,10/18/2025 1:24
20fa62fd-59ef-4d4f-8cb4-9389b70ac389,poi_3538_Dominos,rating,4,10/18/2025 1:57
ed4d4ddf-8829-49c2-b540-b0c8aa36dfcf,poi_246_Save_Mart,visit,1,10/18/2025 6:19
ed4d4ddf-8829-49c2-b540-b0c8aa36dfcf,poi_246_Save_Mart,rating,3,10/18/2025 7:32
20fa62fd-59ef-4d4f-8cb4-9389b70ac389,poi_911_G2000,search,1,10/18/2025 15:59
985b9ad3-79dc-4c6a-9159-27f4dda0e235,poi_4758_Standard_Chartered,visit,1,10/19/2025 2:20
20fa62fd-59ef-4d4f-8cb4-9389b70ac389,poi_911_G2000,visit,1,10/19/2025 2:59
985b9ad3-79dc-4c6a-9159-27f4dda0e235,poi_4758_Standard_Chartered,rating,3,10/19/2025 4:08
966592ed-5bfd-4113-9c4d-d93cd3637b40,poi_909_Tommy_Hilfiger,search,1,10/19/2025 11:10
966592ed-5bfd-4113-9c4d-d93cd3637b40,poi_909_Tommy_Hilfiger,visit,1,10/19/2025 21:10
966592ed-5bfd-4113-9c4d-d93cd3637b40,poi_909_Tommy_Hilfiger,rating,4,10/19/2025 21:27
84273d4e-1e2c-4baf-8f0d-7b4f2ef833d0,poi_4205_Anytime_Fitness,search,1,10/20/2025 0:16
13e7ba11-c5a9-4f73-86d2-0f2c058891c7,poi_1388_Frienzie_Bar_&_Bistro,search,1,10/20/2025 3:53
13e7ba11-c5a9-4f73-86d2-0f2c058891c7,poi_2736_The_Skewer_Bar,visit,1,10/20/2025 6:08
84273d4e-1e2c-4baf-8f0d-7b4f2ef833d0,poi_4205_Anytime_Fitness,visit,1,10/20/2025 6:16
13e7ba11-c5a9-4f73-86d2-0f2c058891c7,poi_2736_The_Skewer_Bar,rating,2,10/20/2025 6:19
84273d4e-1e2c-4baf-8f0d-7b4f2ef833d0,poi_4205_Anytime_Fitness,rating,4,10/20/2025 6:56
84273d4e-1e2c-4baf-8f0d-7b4f2ef833d0,poi_4074_NEUGen_Dental,search,1,10/21/2025 1:49
79dfa2c9-fcaf-4ac0-9cf6-acdc3165f1db,poi_3421_McDonalds,visit,1,10/21/2025 1:57
79dfa2c9-fcaf-4ac0-9cf6-acdc3165f1db,poi_3421_McDonalds,rating,3,10/21/2025 2:11
84273d4e-1e2c-4baf-8f0d-7b4f2ef833d0,poi_4074_NEUGen_Dental,visit,1,10/21/2025 4:49
13e7ba11-c5a9-4f73-86d2-0f2c058891c7,poi_1388_Frienzie_Bar_&_Bistro,visit,1,10/21/2025 5:53
0fa06458-d7df-42c6-9de2-c32c36c16707,poi_1631_Sakunthalas,visit,1,10/21/2025 6:00
84273d4e-1e2c-4baf-8f0d-7b4f2ef833d0,poi_4074_NEUGen_Dental,rating,3,10/21/2025 6:08
13e7ba11-c5a9-4f73-86d2-0f2c058891c7,poi_1388_Frienzie_Bar_&_Bistro,rating,2,10/21/2025 6:33
da4ea5cf-d90f-4105-9a6e-f9f38252d01c,poi_1003_Book_Treasure,search,1,10/21/2025 6:50
13e7ba11-c5a9-4f73-86d2-0f2c058891c7,poi_1262_The_Dempsey_Cookhouse_and_Bar,visit,1,10/22/2025 0:31
da4ea5cf-d90f-4105-9a6e-f9f38252d01c,poi_1003_Book_Treasure,visit,1,10/22/2025 0:50
da4ea5cf-d90f-4105-9a6e-f9f38252d01c,poi_1003_Book_Treasure,rating,3,10/22/2025 0:56
13e7ba11-c5a9-4f73-86d2-0f2c058891c7,poi_1262_The_Dempsey_Cookhouse_and_Bar,rating,3,10/22/2025 2:02
bc6799a8-00d1-4ab5-80bf-eeffc36ba029,poi_1203_Qtech,visit,1,10/22/2025 6:58
bc6799a8-00d1-4ab5-80bf-eeffc36ba029,poi_1203_Qtech,rating,4,10/22/2025 7:10
985b9ad3-79dc-4c6a-9159-27f4dda0e235,poi_421_Chee_Hoe_Seng_Minimart,visit,1,10/23/2025 20:59
985b9ad3-79dc-4c6a-9159-27f4dda0e235,poi_421_Chee_Hoe_Seng_Minimart,rating,3,10/23/2025 21:32
4fbee9f0-804a-4e5d-834e-553670746410,poi_1414_Alchemy,search,1,10/24/2025 15:44
13e7ba11-c5a9-4f73-86d2-0f2c058891c7,poi_1449_Maxi_Coffee_Bar,visit,1,10/25/2025 1:30
e84b1e1f-de1f-4d49-85fc-28d7b0e8b86b,poi_1453_BingDorDor,visit,1,10/25/2025 2:55
13e7ba11-c5a9-4f73-86d2-0f2c058891c7,poi_1449_Maxi_Coffee_Bar,rating,3,10/25/2025 3:02
da4ea5cf-d90f-4105-9a6e-f9f38252d01c,poi_1493_Routine_Cafe_&_Bar,visit,1,10/25/2025 4:11
e84b1e1f-de1f-4d49-85fc-28d7b0e8b86b,poi_1453_BingDorDor,rating,4,10/25/2025 4:50
da4ea5cf-d90f-4105-9a6e-f9f38252d01c,poi_1493_Routine_Cafe_&_Bar,rating,3,10/25/2025 5:03
6fea97cb-757c-47f2-9e34-3ccbb6714c80,poi_1402_CHICHA_San_Chen,search,1,10/25/2025 5:25
20fa62fd-59ef-4d4f-8cb4-9389b70ac389,poi_787_iStudio,visit,1,10/25/2025 8:57
20fa62fd-59ef-4d4f-8cb4-9389b70ac389,poi_787_iStudio,rating,3,10/25/2025 9:15
ed4d4ddf-8829-49c2-b540-b0c8aa36dfcf,poi_3880_Yamazaki,visit,1,10/25/2025 19:11
79dfa2c9-fcaf-4ac0-9cf6-acdc3165f1db,poi_3625_KFC,visit,1,10/25/2025 21:26
79dfa2c9-fcaf-4ac0-9cf6-acdc3165f1db,poi_3625_KFC,rating,3,10/25/2025 23:16
6fea97cb-757c-47f2-9e34-3ccbb6714c80,poi_1402_CHICHA_San_Chen,visit,1,10/26/2025 2:25
6fea97cb-757c-47f2-9e34-3ccbb6714c80,poi_1402_CHICHA_San_Chen,rating,3,10/26/2025 4:08
4fbee9f0-804a-4e5d-834e-553670746410,poi_1414_Alchemy,visit,1,10/26/2025 5:44
13e7ba11-c5a9-4f73-86d2-0f2c058891c7,poi_2661_Ippoh_Tempura_Bar,search,1,10/26/2025 7:38
966592ed-5bfd-4113-9c4d-d93cd3637b40,poi_1418_Gong_Cha,search,1,10/26/2025 7:51
966592ed-5bfd-4113-9c4d-d93cd3637b40,poi_1418_Gong_Cha,visit,1,10/26/2025 22:51
966592ed-5bfd-4113-9c4d-d93cd3637b40,poi_1418_Gong_Cha,rating,3,10/27/2025 0:44
20fa62fd-59ef-4d4f-8cb4-9389b70ac389,poi_3440_Dominos,visit,1,10/27/2025 19:31
20fa62fd-59ef-4d4f-8cb4-9389b70ac389,poi_3440_Dominos,rating,3,10/27/2025 20:52
966592ed-5bfd-4113-9c4d-d93cd3637b40,poi_431_Phoon_Huat,visit,1,10/27/2025 23:11
966592ed-5bfd-4113-9c4d-d93cd3637b40,poi_431_Phoon_Huat,rating,3,10/27/2025 23:21
13e7ba11-c5a9-4f73-86d2-0f2c058891c7,poi_2661_Ippoh_Tempura_Bar,visit,1,10/28/2025 4:38
13e7ba11-c5a9-4f73-86d2-0f2c058891c7,poi_2661_Ippoh_Tempura_Bar,rating,3,10/28/2025 4:43
ed4d4ddf-8829-49c2-b540-b0c8aa36dfcf,poi_544_Choices,visit,1,10/28/2025 5:13
ed4d4ddf-8829-49c2-b540-b0c8aa36dfcf,poi_544_Choices,rating,3,10/28/2025 7:11
6b60d5cf-63cc-4dc4-9bbe-74da03df19db,poi_1382_One_Man_Coffee,search,1,10/28/2025 7:41
11069943-47a6-46e4-87ca-fa7d38142abc,poi_1548_Monday_Coffee_Bar,search,1,10/28/2025 23:12
6b60d5cf-63cc-4dc4-9bbe-74da03df19db,poi_1382_One_Man_Coffee,visit,1,10/29/2025 2:41
6b60d5cf-63cc-4dc4-9bbe-74da03df19db,poi_1382_One_Man_Coffee,rating,3,10/29/2025 2:47
11069943-47a6-46e4-87ca-fa7d38142abc,poi_1548_Monday_Coffee_Bar,visit,1,10/29/2025 5:12
11069943-47a6-46e4-87ca-fa7d38142abc,poi_1548_Monday_Coffee_Bar,rating,4,10/29/2025 6:46
ed4d4ddf-8829-49c2-b540-b0c8aa36dfcf,poi_921_Crocodile,search,1,10/29/2025 20:23
13e7ba11-c5a9-4f73-86d2-0f2c058891c7,poi_1090_Ardents_Cafe_Bar,visit,1,10/29/2025 23:59
985b9ad3-79dc-4c6a-9159-27f4dda0e235,poi_1164_Unicorn_Kampung_1200,visit,1,10/30/2025 0:13
13e7ba11-c5a9-4f73-86d2-0f2c058891c7,poi_1090_Ardents_Cafe_Bar,rating,3,10/30/2025 1:13
985b9ad3-79dc-4c6a-9159-27f4dda0e235,poi_1164_Unicorn_Kampung_1200,rating,4,10/30/2025 1:36
ed4d4ddf-8829-49c2-b540-b0c8aa36dfcf,poi_921_Crocodile,visit,1,10/30/2025 6:23
ed4d4ddf-8829-49c2-b540-b0c8aa36dfcf,poi_921_Crocodile,rating,2,10/30/2025 7:36
20fa62fd-59ef-4d4f-8cb4-9389b70ac389,poi_952_Cartier,search,1,10/31/2025 3:00
20fa62fd-59ef-4d4f-8cb4-9389b70ac389,poi_952_Cartier,visit,1,10/31/2025 4:00
20fa62fd-59ef-4d4f-8cb4-9389b70ac389,poi_952_Cartier,rating,3,10/31/2025 4:45
79dfa2c9-fcaf-4ac0-9cf6-acdc3165f1db,poi_3560_Carls_Jr.,search,1,10/31/2025 7:15
79dfa2c9-fcaf-4ac0-9cf6-acdc3165f1db,poi_3560_Carls_Jr.,visit,1,11/1/2025 3:15
79dfa2c9-fcaf-4ac0-9cf6-acdc3165f1db,poi_3560_Carls_Jr.,rating,3,11/1/2025 3:53
af0e718d-4cca-4308-a72e-221b3f2fbe9e,poi_2000_Mariners_Corner_Restaurant,search,1,11/1/2025 5:34
e84b1e1f-de1f-4d49-85fc-28d7b0e8b86b,poi_1289_Luckin_Coffee,visit,1,11/1/2025 5:43
e84b1e1f-de1f-4d49-85fc-28d7b0e8b86b,poi_1289_Luckin_Coffee,rating,4,11/1/2025 6:28
af0e718d-4cca-4308-a72e-221b3f2fbe9e,poi_2000_Mariners_Corner_Restaurant,visit,1,11/1/2025 8:34
4fbee9f0-804a-4e5d-834e-553670746410,poi_1111_Habitat_Coffee,visit,1,11/2/2025 2:13
4fbee9f0-804a-4e5d-834e-553670746410,poi_1111_Habitat_Coffee,rating,3,11/2/2025 3:13
84273d4e-1e2c-4baf-8f0d-7b4f2ef833d0,poi_3903_Frankel_Clinic,visit,1,11/2/2025 23:20
84273d4e-1e2c-4baf-8f0d-7b4f2ef833d0,poi_3903_Frankel_Clinic,rating,3,11/3/2025 0:57
20fa62fd-59ef-4d4f-8cb4-9389b70ac389,poi_354_7-Eleven,visit,1,11/3/2025 8:45
20fa62fd-59ef-4d4f-8cb4-9389b70ac389,poi_354_7-Eleven,rating,3,11/3/2025 9:04
ed4d4ddf-8829-49c2-b540-b0c8aa36dfcf,poi_233_Jmart,search,1,11/3/2025 15:54
6c32074e-c671-44f7-951a-422b74159885,poi_5083_UOB,visit,1,11/3/2025 21:01
6c32074e-c671-44f7-951a-422b74159885,poi_5083_UOB,rating,4,11/3/2025 21:08
6fea97cb-757c-47f2-9e34-3ccbb6714c80,poi_1586_State_Of_Mind,visit,1,11/4/2025 1:13
6fea97cb-757c-47f2-9e34-3ccbb6714c80,poi_1586_State_Of_Mind,rating,3,11/4/2025 2:31
6c32074e-c671-44f7-951a-422b74159885,poi_987_Popular,search,1,11/4/2025 3:32
bc6799a8-00d1-4ab5-80bf-eeffc36ba029,poi_1375_Batter_batter,visit,1,11/4/2025 6:29
6b60d5cf-63cc-4dc4-9bbe-74da03df19db,poi_4793_Standard_Chartered,visit,1,11/4/2025 20:12
6b60d5cf-63cc-4dc4-9bbe-74da03df19db,poi_4793_Standard_Chartered,rating,3,11/4/2025 21:58
ed4d4ddf-8829-49c2-b540-b0c8aa36dfcf,poi_233_Jmart,visit,1,11/5/2025 3:54
ed4d4ddf-8829-49c2-b540-b0c8aa36dfcf,poi_233_Jmart,rating,4,11/5/2025 4:19
4fbee9f0-804a-4e5d-834e-553670746410,poi_1205_280_Cafe,visit,1,11/5/2025 5:25
4fbee9f0-804a-4e5d-834e-553670746410,poi_1205_280_Cafe,rating,4,11/5/2025 6:23
6c32074e-c671-44f7-951a-422b74159885,poi_987_Popular,visit,1,11/5/2025 8:32
6c32074e-c671-44f7-951a-422b74159885,poi_987_Popular,rating,4,11/5/2025 9:47
ed4d4ddf-8829-49c2-b540-b0c8aa36dfcf,poi_385_7-Eleven,search,1,11/5/2025 20:47
966592ed-5bfd-4113-9c4d-d93cd3637b40,poi_831_Jinders,visit,1,11/5/2025 23:34
966592ed-5bfd-4113-9c4d-d93cd3637b40,poi_954_MB_Jewellery,search,1,11/6/2025 5:07
ed4d4ddf-8829-49c2-b540-b0c8aa36dfcf,poi_385_7-Eleven,visit,1,11/7/2025 0:47
0fa06458-d7df-42c6-9de2-c32c36c16707,poi_938_1st_Jewellery,visit,1,11/7/2025 2:16
91d45a60-1f23-45f2-a343-a51017f818d9,poi_3584_MOS_Burger,visit,1,11/7/2025 5:19
91d45a60-1f23-45f2-a343-a51017f818d9,poi_3584_MOS_Burger,rating,3,11/7/2025 6:37
84273d4e-1e2c-4baf-8f0d-7b4f2ef833d0,poi_3911_Geylang_Serai_Clinic,visit,1,11/7/2025 7:05
84273d4e-1e2c-4baf-8f0d-7b4f2ef833d0,poi_3911_Geylang_Serai_Clinic,rating,3,11/7/2025 8:52
966592ed-5bfd-4113-9c4d-d93cd3637b40,poi_954_MB_Jewellery,visit,1,11/7/2025 22:07
13e7ba11-c5a9-4f73-86d2-0f2c058891c7,poi_1688_Restaurant_Barakath_(_),visit,1,11/7/2025 23:09
13e7ba11-c5a9-4f73-86d2-0f2c058891c7,poi_1688_Restaurant_Barakath_(_),rating,2,11/7/2025 23:50
d9093d18-b959-4ff3-b69a-a1748460cb5e,poi_466_7-Eleven,visit,1,11/8/2025 0:19
d9093d18-b959-4ff3-b69a-a1748460cb5e,poi_466_7-Eleven,rating,3,11/8/2025 2:17
bdfc5ba3-1843-4148-aef4-5f25b90608d4,poi_3531_Dominos,search,1,11/8/2025 9:52
da4ea5cf-d90f-4105-9a6e-f9f38252d01c,poi_776_Dyson_Demo_Store_-_Beauty_Lab_Funan,visit,1,11/8/2025 19:09
da4ea5cf-d90f-4105-9a6e-f9f38252d01c,poi_776_Dyson_Demo_Store_-_Beauty_Lab_Funan,rating,2,11/8/2025 20:01
af0e718d-4cca-4308-a72e-221b3f2fbe9e,poi_1694_Les_Bouchons,visit,1,11/9/2025 1:01
d9093d18-b959-4ff3-b69a-a1748460cb5e,poi_1188_Cafe_Etc.,search,1,11/9/2025 14:38
dc678a8d-37ff-4a54-9a6a-da7252d1b855,poi_3626_Park_Bench_Deli,search,1,11/9/2025 22:32
e84b1e1f-de1f-4d49-85fc-28d7b0e8b86b,poi_1181_Partea,search,1,11/9/2025 23:50
84273d4e-1e2c-4baf-8f0d-7b4f2ef833d0,poi_4088_The_Dental_Practice,search,1,11/10/2025 4:52
bdfc5ba3-1843-4148-aef4-5f25b90608d4,poi_3531_Dominos,visit,1,11/10/2025 5:52
bdfc5ba3-1843-4148-aef4-5f25b90608d4,poi_3531_Dominos,rating,4,11/10/2025 7:03
6fea97cb-757c-47f2-9e34-3ccbb6714c80,poi_1511_TA_Community,visit,1,11/10/2025 18:53
6fea97cb-757c-47f2-9e34-3ccbb6714c80,poi_1511_TA_Community,rating,2,11/10/2025 19:04
bc6799a8-00d1-4ab5-80bf-eeffc36ba029,poi_786_Harvey_Norman,visit,1,11/10/2025 23:50
e84b1e1f-de1f-4d49-85fc-28d7b0e8b86b,poi_1181_Partea,visit,1,11/11/2025 0:50
bc6799a8-00d1-4ab5-80bf-eeffc36ba029,poi_786_Harvey_Norman,rating,4,11/11/2025 0:59
13e7ba11-c5a9-4f73-86d2-0f2c058891c7,poi_1493_Routine_Cafe_&_Bar,visit,1,11/11/2025 5:24
13e7ba11-c5a9-4f73-86d2-0f2c058891c7,poi_1493_Routine_Cafe_&_Bar,rating,3,11/11/2025 6:00
d9093d18-b959-4ff3-b69a-a1748460cb5e,poi_1188_Cafe_Etc.,visit,1,11/11/2025 8:38
d9093d18-b959-4ff3-b69a-a1748460cb5e,poi_1188_Cafe_Etc.,rating,3,11/11/2025 10:19
84273d4e-1e2c-4baf-8f0d-7b4f2ef833d0,poi_4088_The_Dental_Practice,visit,1,11/11/2025 18:52
84273d4e-1e2c-4baf-8f0d-7b4f2ef833d0,poi_4088_The_Dental_Practice,rating,2,11/11/2025 20:03
6b60d5cf-63cc-4dc4-9bbe-74da03df19db,poi_3775_Balmoral_Bakery,visit,1,11/11/2025 21:53
6b60d5cf-63cc-4dc4-9bbe-74da03df19db,poi_3775_Balmoral_Bakery,rating,3,11/11/2025 22:22
dc678a8d-37ff-4a54-9a6a-da7252d1b855,poi_3626_Park_Bench_Deli,visit,1,11/11/2025 22:32
79dfa2c9-fcaf-4ac0-9cf6-acdc3165f1db,poi_3747_Hue_Banh_Mi,visit,1,11/11/2025 23:21
79dfa2c9-fcaf-4ac0-9cf6-acdc3165f1db,poi_3747_Hue_Banh_Mi,rating,3,11/11/2025 23:50
dc678a8d-37ff-4a54-9a6a-da7252d1b855,poi_3626_Park_Bench_Deli,rating,3,11/11/2025 23:59
6b60d5cf-63cc-4dc4-9bbe-74da03df19db,poi_1230_Jewel_Coffee,visit,1,11/12/2025 3:42
6b60d5cf-63cc-4dc4-9bbe-74da03df19db,poi_1230_Jewel_Coffee,rating,4,11/12/2025 4:21
0fa06458-d7df-42c6-9de2-c32c36c16707,poi_1261_Nanyang_Old_Coffee,search,1,11/12/2025 14:17
dc678a8d-37ff-4a54-9a6a-da7252d1b855,poi_1349_Drink_Stall,visit,1,11/12/2025 22:01
0fa06458-d7df-42c6-9de2-c32c36c16707,poi_1261_Nanyang_Old_Coffee,visit,1,11/12/2025 22:17
dc678a8d-37ff-4a54-9a6a-da7252d1b855,poi_1349_Drink_Stall,rating,3,11/12/2025 22:23
0fa06458-d7df-42c6-9de2-c32c36c16707,poi_1261_Nanyang_Old_Coffee,rating,3,11/12/2025 22:39
bdfc5ba3-1843-4148-aef4-5f25b90608d4,poi_3477_Texas_Chicken,visit,1,11/13/2025 0:55
bdfc5ba3-1843-4148-aef4-5f25b90608d4,poi_3477_Texas_Chicken,rating,3,11/13/2025 1:18
ed4d4ddf-8829-49c2-b540-b0c8aa36dfcf,poi_370_7-Eleven,search,1,11/13/2025 6:37
11069943-47a6-46e4-87ca-fa7d38142abc,poi_2833_Home_Bar.Kitchen,visit,1,11/13/2025 7:36
79dfa2c9-fcaf-4ac0-9cf6-acdc3165f1db,poi_3726_Top_1_Homemade_Noodle,search,1,11/13/2025 8:07
11069943-47a6-46e4-87ca-fa7d38142abc,poi_2833_Home_Bar.Kitchen,rating,3,11/13/2025 8:29
20fa62fd-59ef-4d4f-8cb4-9389b70ac389,poi_979_Malabar,search,1,11/13/2025 9:08
13e7ba11-c5a9-4f73-86d2-0f2c058891c7,poi_979_Malabar,visit,1,11/13/2025 20:08
985b9ad3-79dc-4c6a-9159-27f4dda0e235,poi_932_Chong_AIK,visit,1,11/13/2025 20:50
11069943-47a6-46e4-87ca-fa7d38142abc,poi_3058_Ramen_Bari-Uma,visit,1,11/13/2025 21:19
13e7ba11-c5a9-4f73-86d2-0f2c058891c7,poi_979_Malabar,rating,3,11/13/2025 21:26
985b9ad3-79dc-4c6a-9159-27f4dda0e235,poi_932_Chong_AIK,rating,2,11/13/2025 21:52
11069943-47a6-46e4-87ca-fa7d38142abc,poi_3058_Ramen_Bari-Uma,rating,2,11/13/2025 22:33
ed4d4ddf-8829-49c2-b540-b0c8aa36dfcf,poi_1459_Old_Tea_Hut,visit,1,11/13/2025 22:41
ed4d4ddf-8829-49c2-b540-b0c8aa36dfcf,poi_1459_Old_Tea_Hut,rating,3,11/13/2025 23:17
af0e718d-4cca-4308-a72e-221b3f2fbe9e,poi_786_Harvey_Norman,visit,1,11/14/2025 3:26
ed4d4ddf-8829-49c2-b540-b0c8aa36dfcf,poi_370_7-Eleven,visit,1,11/14/2025 4:37
af0e718d-4cca-4308-a72e-221b3f2fbe9e,poi_786_Harvey_Norman,rating,4,11/14/2025 5:09
ed4d4ddf-8829-49c2-b540-b0c8aa36dfcf,poi_370_7-Eleven,rating,3,11/14/2025 5:46
0fa06458-d7df-42c6-9de2-c32c36c16707,poi_1402_CHICHA_San_Chen,visit,1,11/14/2025 5:48
0fa06458-d7df-42c6-9de2-c32c36c16707,poi_1402_CHICHA_San_Chen,rating,3,11/14/2025 7:23
79dfa2c9-fcaf-4ac0-9cf6-acdc3165f1db,poi_3541_PizzaArc,search,1,11/14/2025 7:35
84273d4e-1e2c-4baf-8f0d-7b4f2ef833d0,poi_4233_IQ_Fightclub,visit,1,11/14/2025 18:30
79dfa2c9-fcaf-4ac0-9cf6-acdc3165f1db,poi_3726_Top_1_Homemade_Noodle,visit,1,11/14/2025 19:07
79dfa2c9-fcaf-4ac0-9cf6-acdc3165f1db,poi_3726_Top_1_Homemade_Noodle,rating,3,11/14/2025 19:21
84273d4e-1e2c-4baf-8f0d-7b4f2ef833d0,poi_4233_IQ_Fightclub,rating,4,11/14/2025 20:12
84273d4e-1e2c-4baf-8f0d-7b4f2ef833d0,poi_4193_Trident_Tactical,visit,1,11/14/2025 20:45
6c32074e-c671-44f7-951a-422b74159885,poi_5100_UOB,visit,1,11/14/2025 22:05
6c32074e-c671-44f7-951a-422b74159885,poi_5100_UOB,rating,2,11/14/2025 22:23
20fa62fd-59ef-4d4f-8cb4-9389b70ac389,poi_979_Malabar,visit,1,11/15/2025 1:08
6b60d5cf-63cc-4dc4-9bbe-74da03df19db,poi_377_7-Eleven,search,1,11/15/2025 5:21
bc6799a8-00d1-4ab5-80bf-eeffc36ba029,poi_1578_Borderless_Coffee,visit,1,11/15/2025 5:38
79dfa2c9-fcaf-4ac0-9cf6-acdc3165f1db,poi_3541_PizzaArc,visit,1,11/15/2025 6:35
bc6799a8-00d1-4ab5-80bf-eeffc36ba029,poi_1578_Borderless_Coffee,rating,3,11/15/2025 6:36
dc678a8d-37ff-4a54-9a6a-da7252d1b855,poi_1561_Xo_Cafe,visit,1,11/15/2025 6:54
20fa62fd-59ef-4d4f-8cb4-9389b70ac389,poi_1317_The_Coffee_Bean_&_Tea_Leaf,search,1,11/15/2025 7:42
11069943-47a6-46e4-87ca-fa7d38142abc,poi_1262_The_Dempsey_Cookhouse_and_Bar,search,1,11/15/2025 7:42
4fbee9f0-804a-4e5d-834e-553670746410,poi_1382_One_Man_Coffee,visit,1,11/15/2025 8:05
4fbee9f0-804a-4e5d-834e-553670746410,poi_1382_One_Man_Coffee,rating,4,11/15/2025 10:03
11069943-47a6-46e4-87ca-fa7d38142abc,poi_1262_The_Dempsey_Cookhouse_and_Bar,visit,1,11/15/2025 22:42
e84b1e1f-de1f-4d49-85fc-28d7b0e8b86b,poi_973_Chennai,visit,1,11/15/2025 23:10
6b60d5cf-63cc-4dc4-9bbe-74da03df19db,poi_377_7-Eleven,visit,1,11/15/2025 23:21
6b60d5cf-63cc-4dc4-9bbe-74da03df19db,poi_377_7-Eleven,rating,3,11/15/2025 23:38
11069943-47a6-46e4-87ca-fa7d38142abc,poi_1262_The_Dempsey_Cookhouse_and_Bar,rating,4,11/16/2025 0:36
e84b1e1f-de1f-4d49-85fc-28d7b0e8b86b,poi_973_Chennai,rating,2,11/16/2025 1:03
bc6799a8-00d1-4ab5-80bf-eeffc36ba029,poi_1541_Kopi_Place,visit,1,11/16/2025 2:09
bc6799a8-00d1-4ab5-80bf-eeffc36ba029,poi_1541_Kopi_Place,rating,4,11/16/2025 4:05
6c32074e-c671-44f7-951a-422b74159885,poi_5129_UOB,visit,1,11/16/2025 8:01
6c32074e-c671-44f7-951a-422b74159885,poi_5129_UOB,rating,3,11/16/2025 9:56
d9093d18-b959-4ff3-b69a-a1748460cb5e,poi_961_Goldheart_Jewelry,visit,1,11/16/2025 19:32
d9093d18-b959-4ff3-b69a-a1748460cb5e,poi_961_Goldheart_Jewelry,rating,3,11/16/2025 20:21
20fa62fd-59ef-4d4f-8cb4-9389b70ac389,poi_430_Phoon_Huat,visit,1,11/16/2025 20:40
20fa62fd-59ef-4d4f-8cb4-9389b70ac389,poi_430_Phoon_Huat,rating,3,11/16/2025 21:59
bc6799a8-00d1-4ab5-80bf-eeffc36ba029,poi_1148_Rocky_Masters,visit,1,11/16/2025 23:40
da4ea5cf-d90f-4105-9a6e-f9f38252d01c,poi_773_Courts,visit,1,11/17/2025 3:18
da4ea5cf-d90f-4105-9a6e-f9f38252d01c,poi_773_Courts,rating,3,11/17/2025 4:48
20fa62fd-59ef-4d4f-8cb4-9389b70ac389,poi_1317_The_Coffee_Bean_&_Tea_Leaf,visit,1,11/17/2025 7:42
bc6799a8-00d1-4ab5-80bf-eeffc36ba029,poi_1501_Venture_Drive_Coffee,visit,1,11/17/2025 22:12
20fa62fd-59ef-4d4f-8cb4-9389b70ac389,poi_480_FairPrice_Xpress,visit,1,11/18/2025 4:51
985b9ad3-79dc-4c6a-9159-27f4dda0e235,poi_362_Shell_Select,visit,1,11/18/2025 19:15
966592ed-5bfd-4113-9c4d-d93cd3637b40,poi_1295_Starbucks,visit,1,11/18/2025 19:38
13e7ba11-c5a9-4f73-86d2-0f2c058891c7,poi_1083_Vanilla_Bar_and_Cafe,visit,1,11/18/2025 19:43
985b9ad3-79dc-4c6a-9159-27f4dda0e235,poi_362_Shell_Select,rating,3,11/18/2025 19:56
966592ed-5bfd-4113-9c4d-d93cd3637b40,poi_1295_Starbucks,rating,3,11/18/2025 20:23
79dfa2c9-fcaf-4ac0-9cf6-acdc3165f1db,poi_3459_McDonalds,visit,1,11/18/2025 21:42
79dfa2c9-fcaf-4ac0-9cf6-acdc3165f1db,poi_3459_McDonalds,rating,3,11/18/2025 22:06
ed4d4ddf-8829-49c2-b540-b0c8aa36dfcf,poi_1540_Kopi_&_Tarts,visit,1,11/19/2025 0:47
ed4d4ddf-8829-49c2-b540-b0c8aa36dfcf,poi_1540_Kopi_&_Tarts,rating,3,11/19/2025 1:23
d9093d18-b959-4ff3-b69a-a1748460cb5e,poi_1261_Nanyang_Old_Coffee,search,1,11/20/2025 5:32
da4ea5cf-d90f-4105-9a6e-f9f38252d01c,poi_1564_Revelry,search,1,11/20/2025 6:29
91d45a60-1f23-45f2-a343-a51017f818d9,poi_1117_Foot_code,search,1,11/20/2025 14:35
20fa62fd-59ef-4d4f-8cb4-9389b70ac389,poi_335_Shell_Select,visit,1,11/20/2025 20:00
d9093d18-b959-4ff3-b69a-a1748460cb5e,poi_1261_Nanyang_Old_Coffee,visit,1,11/20/2025 20:32
d9093d18-b959-4ff3-b69a-a1748460cb5e,poi_1261_Nanyang_Old_Coffee,rating,3,11/20/2025 21:19
91d45a60-1f23-45f2-a343-a51017f818d9,poi_1117_Foot_code,visit,1,11/20/2025 21:35
79dfa2c9-fcaf-4ac0-9cf6-acdc3165f1db,poi_3462_Dominos,visit,1,11/20/2025 22:04
91d45a60-1f23-45f2-a343-a51017f818d9,poi_1117_Foot_code,rating,3,11/20/2025 22:45
79dfa2c9-fcaf-4ac0-9cf6-acdc3165f1db,poi_3462_Dominos,rating,3,11/20/2025 22:48
da4ea5cf-d90f-4105-9a6e-f9f38252d01c,poi_1564_Revelry,visit,1,11/21/2025 8:29
da4ea5cf-d90f-4105-9a6e-f9f38252d01c,poi_1564_Revelry,rating,4,11/21/2025 10:18
11069943-47a6-46e4-87ca-fa7d38142abc,poi_1982_HoHo_Grill_&_Bar,visit,1,11/21/2025 22:24
11069943-47a6-46e4-87ca-fa7d38142abc,poi_1982_HoHo_Grill_&_Bar,rating,5,11/21/2025 23:32
da4ea5cf-d90f-4105-9a6e-f9f38252d01c,poi_1349_Drink_Stall,visit,1,11/22/2025 20:37
da4ea5cf-d90f-4105-9a6e-f9f38252d01c,poi_1349_Drink_Stall,rating,3,11/22/2025 21:31
84273d4e-1e2c-4baf-8f0d-7b4f2ef833d0,poi_4047_Dental_Focus,search,1,11/23/2025 17:28
4fbee9f0-804a-4e5d-834e-553670746410,poi_1177_Ice_Edge_Cafe,visit,1,11/24/2025 1:03
ed4d4ddf-8829-49c2-b540-b0c8aa36dfcf,poi_1484_The_Community_Roastery_&_Cafe,visit,1,11/24/2025 4:29
ed4d4ddf-8829-49c2-b540-b0c8aa36dfcf,poi_1484_The_Community_Roastery_&_Cafe,rating,3,11/24/2025 4:38
bdfc5ba3-1843-4148-aef4-5f25b90608d4,poi_3488_Dominos,visit,1,11/25/2025 2:30
bdfc5ba3-1843-4148-aef4-5f25b90608d4,poi_3488_Dominos,rating,4,11/25/2025 4:22
84273d4e-1e2c-4baf-8f0d-7b4f2ef833d0,poi_4047_Dental_Focus,visit,1,11/25/2025 8:28
84273d4e-1e2c-4baf-8f0d-7b4f2ef833d0,poi_4047_Dental_Focus,rating,2,11/25/2025 9:29
6c32074e-c671-44f7-951a-422b74159885,poi_1010_Popular,visit,1,11/25/2025 23:34
bc6799a8-00d1-4ab5-80bf-eeffc36ba029,poi_1360_LiHO,visit,1,11/26/2025 3:46
da4ea5cf-d90f-4105-9a6e-f9f38252d01c,poi_1561_Xo_Cafe,search,1,11/26/2025 14:34
bdfc5ba3-1843-4148-aef4-5f25b90608d4,poi_137_NTUC_FairPrice,visit,1,11/26/2025 20:38
ed4d4ddf-8829-49c2-b540-b0c8aa36dfcf,poi_465_retail_shop,search,1,11/26/2025 21:03
bdfc5ba3-1843-4148-aef4-5f25b90608d4,poi_137_NTUC_FairPrice,rating,3,11/26/2025 22:32
20fa62fd-59ef-4d4f-8cb4-9389b70ac389,poi_1586_State_Of_Mind,visit,1,11/27/2025 4:05
20fa62fd-59ef-4d4f-8cb4-9389b70ac389,poi_1586_State_Of_Mind,rating,4,11/27/2025 4:24
da4ea5cf-d90f-4105-9a6e-f9f38252d01c,poi_1561_Xo_Cafe,visit,1,11/27/2025 6:34
da4ea5cf-d90f-4105-9a6e-f9f38252d01c,poi_1561_Xo_Cafe,rating,4,11/27/2025 6:48
ed4d4ddf-8829-49c2-b540-b0c8aa36dfcf,poi_465_retail_shop,visit,1,11/28/2025 6:03
ed4d4ddf-8829-49c2-b540-b0c8aa36dfcf,poi_465_retail_shop,rating,3,11/28/2025 7:22
e84b1e1f-de1f-4d49-85fc-28d7b0e8b86b,poi_1200_Sam_Yat_Coffee,visit,1,11/28/2025 8:33
0fa06458-d7df-42c6-9de2-c32c36c16707,poi_3707_San.wich_by_Swee_Heng,visit,1,11/28/2025 9:13
e84b1e1f-de1f-4d49-85fc-28d7b0e8b86b,poi_1200_Sam_Yat_Coffee,rating,3,11/28/2025 9:17
0fa06458-d7df-42c6-9de2-c32c36c16707,poi_3707_San.wich_by_Swee_Heng,rating,3,11/28/2025 10:10
13e7ba11-c5a9-4f73-86d2-0f2c058891c7,poi_1079_Eight_Cafe_&_Bar,visit,1,11/28/2025 20:25
13e7ba11-c5a9-4f73-86d2-0f2c058891c7,poi_1079_Eight_Cafe_&_Bar,rating,3,11/28/2025 20:46
6b60d5cf-63cc-4dc4-9bbe-74da03df19db,poi_4694_Heritage_Hostel,visit,1,11/29/2025 1:31
bc6799a8-00d1-4ab5-80bf-eeffc36ba029,poi_1594_Por_Kee_Eating_House_1996,visit,1,11/29/2025 3:22
6b60d5cf-63cc-4dc4-9bbe-74da03df19db,poi_4694_Heritage_Hostel,rating,3,11/29/2025 3:22
bc6799a8-00d1-4ab5-80bf-eeffc36ba029,poi_1594_Por_Kee_Eating_House_1996,rating,3,11/29/2025 3:48
11069943-47a6-46e4-87ca-fa7d38142abc,poi_1918_Anglo_Indian_Cafe_&_Bar,search,1,11/29/2025 20:37
91d45a60-1f23-45f2-a343-a51017f818d9,poi_397_7-Eleven,visit,1,11/29/2025 21:58
bdfc5ba3-1843-4148-aef4-5f25b90608d4,poi_3576_Sarpinos_Pizza,visit,1,11/30/2025 0:38
bdfc5ba3-1843-4148-aef4-5f25b90608d4,poi_3576_Sarpinos_Pizza,rating,3,11/30/2025 1:03
11069943-47a6-46e4-87ca-fa7d38142abc,poi_3368_Polo_Club_Restaurant_&_Bar,visit,1,11/30/2025 2:04
dc678a8d-37ff-4a54-9a6a-da7252d1b855,poi_3820_Paul,visit,1,11/30/2025 9:17
dc678a8d-37ff-4a54-9a6a-da7252d1b855,poi_3820_Paul,rating,3,11/30/2025 10:07
11069943-47a6-46e4-87ca-fa7d38142abc,poi_1918_Anglo_Indian_Cafe_&_Bar,visit,1,11/30/2025 18:37
11069943-47a6-46e4-87ca-fa7d38142abc,poi_1918_Anglo_Indian_Cafe_&_Bar,rating,3,11/30/2025 19:33
79dfa2c9-fcaf-4ac0-9cf6-acdc3165f1db,poi_3333_Boon_Lay_Food_Court,visit,1,11/30/2025 21:15
79dfa2c9-fcaf-4ac0-9cf6-acdc3165f1db,poi_3333_Boon_Lay_Food_Court,rating,3,11/30/2025 22:33
4fbee9f0-804a-4e5d-834e-553670746410,poi_1406_Koi_Th,search,1,12/1/2025 12:59
6c32074e-c671-44f7-951a-422b74159885,poi_4925_DBS_Treasures,search,1,12/1/2025 17:37
4fbee9f0-804a-4e5d-834e-553670746410,poi_1406_Koi_Th,visit,1,12/2/2025 0:59
4fbee9f0-804a-4e5d-834e-553670746410,poi_1406_Koi_Th,rating,2,12/2/2025 1:14
6c32074e-c671-44f7-951a-422b74159885,poi_4755_OCBC_Bank,visit,1,12/2/2025 19:19
6c32074e-c671-44f7-951a-422b74159885,poi_4755_OCBC_Bank,rating,3,12/2/2025 20:25
6c32074e-c671-44f7-951a-422b74159885,poi_4925_DBS_Treasures,visit,1,12/3/2025 1:37
6c32074e-c671-44f7-951a-422b74159885,poi_4925_DBS_Treasures,rating,3,12/3/2025 2:33
4fbee9f0-804a-4e5d-834e-553670746410,poi_1107_Fun_Toast,search,1,12/3/2025 18:30
4fbee9f0-804a-4e5d-834e-553670746410,poi_1107_Fun_Toast,visit,1,12/3/2025 23:30
bc6799a8-00d1-4ab5-80bf-eeffc36ba029,poi_822_Tako_Aljunied,visit,1,12/3/2025 23:45
bc6799a8-00d1-4ab5-80bf-eeffc36ba029,poi_822_Tako_Aljunied,rating,4,12/4/2025 0:09
af0e718d-4cca-4308-a72e-221b3f2fbe9e,poi_3978_Dr._W_Family_Clinic,visit,1,12/4/2025 2:46
af0e718d-4cca-4308-a72e-221b3f2fbe9e,poi_3978_Dr._W_Family_Clinic,rating,5,12/4/2025 2:54
e84b1e1f-de1f-4d49-85fc-28d7b0e8b86b,poi_1598_That_Coffee_Place,visit,1,12/4/2025 6:15
e84b1e1f-de1f-4d49-85fc-28d7b0e8b86b,poi_1598_That_Coffee_Place,rating,2,12/4/2025 7:53
11069943-47a6-46e4-87ca-fa7d38142abc,poi_1688_Restaurant_Barakath_(_),visit,1,12/4/2025 20:06
11069943-47a6-46e4-87ca-fa7d38142abc,poi_1688_Restaurant_Barakath_(_),rating,3,12/4/2025 20:28
79dfa2c9-fcaf-4ac0-9cf6-acdc3165f1db,poi_3717_Subway,visit,1,12/4/2025 23:35
79dfa2c9-fcaf-4ac0-9cf6-acdc3165f1db,poi_3717_Subway,rating,3,12/5/2025 0:52
4fbee9f0-804a-4e5d-834e-553670746410,poi_1282_Cafe_O,search,1,12/6/2025 11:15
13e7ba11-c5a9-4f73-86d2-0f2c058891c7,poi_4233_IQ_Fightclub,search,1,12/6/2025 13:18
da4ea5cf-d90f-4105-9a6e-f9f38252d01c,poi_1521_Little_Glass_Stand,visit,1,12/7/2025 3:09
13e7ba11-c5a9-4f73-86d2-0f2c058891c7,poi_4233_IQ_Fightclub,visit,1,12/7/2025 3:18
13e7ba11-c5a9-4f73-86d2-0f2c058891c7,poi_4233_IQ_Fightclub,rating,3,12/7/2025 3:39
6c32074e-c671-44f7-951a-422b74159885,poi_5302_UOB,visit,1,12/7/2025 20:13
13e7ba11-c5a9-4f73-86d2-0f2c058891c7,poi_1359_MEME_Bistro_Bar,visit,1,12/8/2025 0:16
13e7ba11-c5a9-4f73-86d2-0f2c058891c7,poi_1359_MEME_Bistro_Bar,rating,3,12/8/2025 0:55
4fbee9f0-804a-4e5d-834e-553670746410,poi_1282_Cafe_O,visit,1,12/8/2025 6:15
4fbee9f0-804a-4e5d-834e-553670746410,poi_1282_Cafe_O,rating,3,12/8/2025 7:43
